{
	"credit": "Zin",
	"parent": "block/block",
	"ambientocclusion": false,
	"textures": {
		"0": "vampirism:block/dark_spruce_door_top",
		"1": "vampirism:block/cursed_spruce_log",
		"3": "vampirism:block/blood_still",
		"7": "vampirism:block/candle",
		"8": "block/black_concrete",
		"particle": "vampirism:block/dark_spruce_door_top",
		"1_3": "vampirism:block/vampire_rack"
	},
    "render_type": "minecraft:translucent",
	"elements": [
		{
			"name": "bottom",
			"from": [4, 0, 4],
			"to": [12, 1, 12],
			"rotation": {"angle": 0, "axis": "y", "origin": [11, 8, 11]},
			"faces": {
				"up": {"uv": [4, 4, 12, 12], "texture": "#0"},
				"down": {"uv": [4, 5, 12, 13], "texture": "#0"}
			}
		},
		{
			"from": [12.75, -0.1, 1.85],
			"to": [15.75, 13, 4.85],
			"rotation": {"angle": -45, "axis": "y", "origin": [14.25, 0.5, 1.75]},
			"faces": {
				"north": {"uv": [0, 0, 3, 13.1], "texture": "#1"},
				"east": {"uv": [0, 0, 3, 13.1], "texture": "#1"},
				"south": {"uv": [0, 0, 3, 13.1], "texture": "#1"},
				"west": {"uv": [0, 0, 3, 13.1], "texture": "#1"},
				"up": {"uv": [11, 3, 14, 6], "texture": "#1"},
				"down": {"uv": [0, 0, 3, 3], "texture": "#1"}
			}
		},
		{
			"from": [1.85, -0.1, 0.25],
			"to": [4.85, 13, 3.25],
			"rotation": {"angle": -45, "axis": "y", "origin": [1.75, 0.5, 1.75]},
			"faces": {
				"north": {"uv": [0, 0, 3, 13.1], "texture": "#1"},
				"east": {"uv": [0, 0, 3, 13.1], "texture": "#1"},
				"south": {"uv": [0, 0, 3, 13.1], "texture": "#1"},
				"west": {"uv": [0, 0, 3, 13.1], "texture": "#1"},
				"up": {"uv": [3, 11, 6, 14], "texture": "#1"},
				"down": {"uv": [0, 0, 3, 3], "texture": "#1"}
			}
		},
		{
			"from": [0.25, -0.1, 11.15],
			"to": [3.25, 13, 14.15],
			"rotation": {"angle": -45, "axis": "y", "origin": [1.75, 0.5, 14.25]},
			"faces": {
				"north": {"uv": [0, 0, 3, 13.1], "texture": "#1"},
				"east": {"uv": [0, 0, 3, 13.1], "texture": "#1"},
				"south": {"uv": [0, 0, 3, 13.1], "texture": "#1"},
				"west": {"uv": [0, 0, 3, 13.1], "texture": "#1"},
				"up": {"uv": [5, 5, 8, 8], "texture": "#1"},
				"down": {"uv": [0, 0, 3, 3], "texture": "#1"}
			}
		},
		{
			"from": [11.15, -0.1, 12.75],
			"to": [14.15, 13, 15.75],
			"rotation": {"angle": -45, "axis": "y", "origin": [14.25, 0.5, 14.25]},
			"faces": {
				"north": {"uv": [0, 0, 3, 13.1], "texture": "#1"},
				"east": {"uv": [0, 0, 3, 13.1], "texture": "#1"},
				"south": {"uv": [0, 0, 3, 13.1], "texture": "#1"},
				"west": {"uv": [0, 0, 3, 13.1], "texture": "#1"},
				"up": {"uv": [0, 0, 3, 3], "texture": "#1"},
				"down": {"uv": [0, 0, 3, 3], "texture": "#1"}
			}
		},
		{
			"from": [12, 0, 3],
			"to": [14, 12, 13],
			"rotation": {"angle": 0, "axis": "y", "origin": [22, 8, 10]},
			"faces": {
				"east": {"uv": [3, 2, 13, 14], "texture": "#0"},
				"west": {"uv": [3, 2, 13, 14], "texture": "#0"},
				"up": {"uv": [3, 0, 13, 2], "rotation": 270, "texture": "#0"},
				"down": {"uv": [3, 14, 13, 16], "rotation": 90, "texture": "#0"}
			}
		},
		{
			"from": [2.1, 0, 2],
			"to": [13.9, 12, 4],
			"rotation": {"angle": 0, "axis": "y", "origin": [9, 8, 9]},
			"faces": {
				"north": {"uv": [2, 2, 13.8, 14], "texture": "#0"},
				"south": {"uv": [2, 2, 13.8, 14], "texture": "#0"},
				"up": {"uv": [2, 0, 13.8, 2], "texture": "#0"},
				"down": {"uv": [2, 14, 13.8, 16], "rotation": 180, "texture": "#0"}
			}
		},
		{
			"from": [2.1, 0, 12],
			"to": [13.9, 12, 14],
			"rotation": {"angle": 0, "axis": "y", "origin": [9, 8, 22]},
			"faces": {
				"north": {"uv": [2, 2, 13.8, 14], "texture": "#0"},
				"south": {"uv": [2, 2, 13.8, 14], "texture": "#0"},
				"up": {"uv": [2, 0, 13.8, 2], "texture": "#0"},
				"down": {"uv": [2, 14, 13.8, 16], "texture": "#0"}
			}
		},
		{
			"from": [2, 0, 3],
			"to": [4, 12, 13],
			"rotation": {"angle": 0, "axis": "y", "origin": [9, 8, 10]},
			"faces": {
				"east": {"uv": [3, 2, 13, 14], "texture": "#0"},
				"west": {"uv": [3, 2, 13, 14], "texture": "#0"},
				"up": {"uv": [3, 0, 13, 2], "rotation": 270, "texture": "#0"},
				"down": {"uv": [3, 14, 13, 16], "rotation": 270, "texture": "#0"}
			}
		},
		{
			"from": [7.61458, -0.01499, -0.71646],
			"to": [9.96047, 2.33091, 0.84748],
			"rotation": {"angle": 22.5, "axis": "y", "origin": [11.03193, 11.55273, -3.63116]},
			"faces": {
				"north": {"uv": [4.5, 8.5, 4.875, 8.875], "texture": "#1_3"},
				"east": {"uv": [8.625, 4.5, 8.875, 4.875], "texture": "#1_3"},
				"south": {"uv": [8.375, 4.125, 8.75, 4.5], "texture": "#1_3"},
				"west": {"uv": [8.25, 8.5, 8.5, 8.875], "texture": "#1_3"},
				"up": {"uv": [9, 2.75, 8.625, 2.5], "rotation": 180, "texture": "#1_3"},
				"down": {"uv": [8.875, 8.625, 8.5, 8.875], "rotation": 180, "texture": "#1_3"}
			}
		},
		{
			"from": [8.39654, 2.13543, -0.32547],
			"to": [9.17851, 3.69936, 0.45649],
			"rotation": {"angle": 22.5, "axis": "y", "origin": [11.03193, 11.55273, -3.63116]},
			"faces": {
				"north": {"uv": [8.25, 5.75, 8.375, 6], "texture": "#1_3"},
				"east": {"uv": [3.75, 9.25, 3.875, 9.5], "texture": "#1_3"},
				"south": {"uv": [4.125, 6.25, 4.25, 6.5], "texture": "#1_3"},
				"west": {"uv": [7.625, 5.375, 7.75, 5.625], "texture": "#1_3"},
				"up": {"uv": [9.375, 9.5, 9.25, 9.375], "rotation": 180, "texture": "#1_3"},
				"down": {"uv": [9.5, 9.25, 9.375, 9.375], "rotation": 180, "texture": "#1_3"}
			}
		},
		{
			"from": [8.20104, 2.72189, -0.52096],
			"to": [9.37399, 3.50388, 0.65199],
			"rotation": {"angle": 22.5, "axis": "y", "origin": [11.03193, 11.55273, -3.63116]},
			"faces": {
				"north": {"uv": [9.375, 5.5, 9.5625, 5.625], "texture": "#1_3"},
				"east": {"uv": [9.375, 6, 9.5625, 6.125], "texture": "#1_3"},
				"south": {"uv": [1.625, 9.375, 1.8125, 9.5], "texture": "#1_3"},
				"west": {"uv": [9.375, 5.375, 9.5625, 5.5], "texture": "#1_3"},
				"up": {"uv": [1.8125, 9.3125, 1.625, 9.125], "rotation": 180, "texture": "#1_3"},
				"down": {"uv": [9.3125, 4.625, 9.125, 4.8125], "rotation": 180, "texture": "#1_3"}
			}
		},
		{
			"from": [7.69276, 0.06321, -0.63826],
			"to": [9.88227, 1.47075, 0.76929],
			"rotation": {"angle": 22.5, "axis": "y", "origin": [11.03193, 11.55273, -3.63116]},
			"faces": {
				"north": {"uv": [8.75, 0.875, 10.93952, 2.28253], "texture": "#3"},
				"east": {"uv": [9, 5.375, 10.40755, 6.78253], "texture": "#3"},
				"south": {"uv": [8.75, 0.625, 10.93952, 2.03253], "texture": "#3"},
				"west": {"uv": [9, 4.125, 10.40755, 5.53253], "texture": "#3"},
				"up": {"uv": [10.93952, 2.53255, 8.75, 1.125], "rotation": 180, "texture": "#3"},
				"down": {"uv": [10.93952, 1.375, 8.75, 2.78255], "rotation": 180, "texture": "#3"}
			}
		},
		{
			"from": [6.71249, -0.03693, 0.18159],
			"to": [8.65489, 1.90547, 1.47653],
			"rotation": {"angle": 0, "axis": "y", "origin": [7.03622, 2.98226, 1.32906]},
			"faces": {
				"north": {"uv": [4.5, 8.5, 4.875, 8.875], "rotation": 90, "texture": "#1_3"},
				"east": {"uv": [8.875, 8.625, 8.5, 8.875], "rotation": 90, "texture": "#1_3"},
				"south": {"uv": [8.375, 4.125, 8.75, 4.5], "rotation": 270, "texture": "#1_3"},
				"west": {"uv": [9, 2.75, 8.625, 2.5], "rotation": 90, "texture": "#1_3"},
				"up": {"uv": [8.625, 4.5, 8.875, 4.875], "rotation": 270, "texture": "#1_3"},
				"down": {"uv": [8.25, 8.5, 8.5, 8.875], "rotation": 270, "texture": "#1_3"}
			}
		},
		{
			"from": [5.57942, 0.61053, 0.50532],
			"to": [6.87435, 1.258, 1.15279],
			"rotation": {"angle": 0, "axis": "y", "origin": [7.03622, 2.98226, 1.32906]},
			"faces": {
				"north": {"uv": [8.25, 5.75, 8.375, 6], "rotation": 90, "texture": "#1_3"},
				"east": {"uv": [9.5, 9.25, 9.375, 9.375], "rotation": 90, "texture": "#1_3"},
				"south": {"uv": [4.125, 6.25, 4.25, 6.5], "rotation": 270, "texture": "#1_3"},
				"west": {"uv": [9.375, 9.5, 9.25, 9.375], "rotation": 90, "texture": "#1_3"},
				"up": {"uv": [3.75, 9.25, 3.875, 9.5], "rotation": 270, "texture": "#1_3"},
				"down": {"uv": [7.625, 5.375, 7.75, 5.625], "rotation": 270, "texture": "#1_3"}
			}
		},
		{
			"from": [5.74128, 0.44866, 0.34346],
			"to": [6.38876, 1.41986, 1.31467],
			"rotation": {"angle": 0, "axis": "y", "origin": [7.03622, 2.98226, 1.32906]},
			"faces": {
				"north": {"uv": [9.375, 5.5, 9.5625, 5.625], "rotation": 90, "texture": "#1_3"},
				"east": {"uv": [9.3125, 4.625, 9.125, 4.8125], "rotation": 90, "texture": "#1_3"},
				"south": {"uv": [1.625, 9.375, 1.8125, 9.5], "rotation": 270, "texture": "#1_3"},
				"west": {"uv": [1.8125, 9.3125, 1.625, 9.125], "rotation": 90, "texture": "#1_3"},
				"up": {"uv": [9.375, 6, 9.5625, 6.125], "rotation": 270, "texture": "#1_3"},
				"down": {"uv": [9.375, 5.375, 9.5625, 5.5], "rotation": 270, "texture": "#1_3"}
			}
		},
		{
			"from": [6.72471, 0.0278, 0.24634],
			"to": [8.59015, 1.14072, 1.41179],
			"rotation": {"angle": 0, "axis": "y", "origin": [8.00743, 0.93426, 0.82907]},
			"faces": {
				"north": {"uv": [8.75, 0.875, 9.86292, 2.74044], "rotation": 90, "texture": "#3"},
				"east": {"uv": [9.86292, 1.375, 8.75, 2.54045], "rotation": 90, "texture": "#3"},
				"south": {"uv": [8.75, 0.625, 9.86292, 2.49044], "rotation": 270, "texture": "#3"},
				"west": {"uv": [9.86292, 2.29045, 8.75, 1.125], "rotation": 90, "texture": "#3"},
				"up": {"uv": [9, 5.375, 10.16545, 7.24044], "rotation": 270, "texture": "#3"},
				"down": {"uv": [9, 4.125, 10.16545, 5.99044], "rotation": 270, "texture": "#3"}
			}
		},
		{
			"from": [2.35, 15.9, 13.4],
			"to": [2.6, 16.9, 13.65],
			"rotation": {"angle": -22.5, "axis": "z", "origin": [2.275, 16.375, 13.625]},
			"faces": {
				"north": {"uv": [0, 0, 0.25, 1], "texture": "#8"},
				"east": {"uv": [0, 0, 0.25, 1], "texture": "#8"},
				"south": {"uv": [0, 0, 0.25, 1], "texture": "#8"},
				"west": {"uv": [0, 0, 0.25, 1], "texture": "#8"},
				"up": {"uv": [0, 0, 0.25, 0.25], "texture": "#8"},
				"down": {"uv": [0, 0, 0.25, 0.25], "texture": "#8"}
			}
		},
		{
			"from": [1.9, 13, 13],
			"to": [2.9, 16, 14],
			"rotation": {"angle": 0, "axis": "y", "origin": [-10.1, 3, 10]},
			"faces": {
				"north": {"uv": [0, 8, 2, 14], "texture": "#7"},
				"east": {"uv": [0, 8, 2, 14], "texture": "#7"},
				"south": {"uv": [0, 8, 2, 14], "texture": "#7"},
				"west": {"uv": [0, 8, 2, 14], "texture": "#7"},
				"up": {"uv": [0, 6, 2, 8], "texture": "#7"}
			}
		},
		{
			"from": [3.54, 14.76992, 12.59962],
			"to": [3.7, 15.40992, 12.75962],
			"rotation": {"angle": 22.5, "axis": "x", "origin": [3.612, 14.5429, 12.88219]},
			"faces": {
				"north": {"uv": [0.25, 0, 0, 1], "texture": "#8"},
				"east": {"uv": [0.25, 0, 0, 1], "texture": "#8"},
				"south": {"uv": [0.25, 0, 0, 1], "texture": "#8"},
				"west": {"uv": [0.25, 0, 0, 1], "texture": "#8"},
				"up": {"uv": [0, 0.25, 0.25, 0], "rotation": 90, "texture": "#8"},
				"down": {"uv": [0, 0.25, 0.25, 0], "rotation": 270, "texture": "#8"}
			}
		},
		{
			"from": [3.284, 13, 12.54],
			"to": [3.924, 14.92, 13.18],
			"rotation": {"angle": 0, "axis": "y", "origin": [3.612, 14.5429, 12.88219]},
			"faces": {
				"north": {"uv": [2, 8, 0, 14], "texture": "#7"},
				"east": {"uv": [2, 8, 0, 14], "texture": "#7"},
				"south": {"uv": [2, 8, 0, 14], "texture": "#7"},
				"west": {"uv": [2, 8, 0, 14], "texture": "#7"},
				"up": {"uv": [0, 8, 2, 6], "rotation": 90, "texture": "#7"}
			}
		},
		{
			"from": [1.8, 13.01, 12.3],
			"to": [3.4, 13.01, 14.2],
			"rotation": {"angle": -45, "axis": "y", "origin": [2.5, 13, 13]},
			"faces": {
				"north": {"uv": [0, 0, 1.6, 0], "texture": "#missing"},
				"east": {"uv": [0, 0, 2, 0], "texture": "#missing"},
				"south": {"uv": [0, 0, 1.6, 0], "texture": "#missing"},
				"west": {"uv": [0, 0, 2, 0], "texture": "#missing"},
				"up": {"uv": [0, 12, 2, 13.6], "rotation": 90, "texture": "#7"},
				"down": {"uv": [0, 0, 1.6, 2], "texture": "#missing"}
			}
		},
		{
			"from": [1.8, 13, 12.8],
			"to": [2.8, 13.1, 13.7],
			"rotation": {"angle": -45, "axis": "y", "origin": [2.5, 13, 13]},
			"faces": {
				"north": {"uv": [0, 14, 1, 14.1], "texture": "#7"},
				"east": {"uv": [0, 12, 0.9, 12.1], "texture": "#7"},
				"south": {"uv": [0, 13, 1, 13.1], "texture": "#7"},
				"west": {"uv": [0, 11, 0.9, 11.1], "texture": "#7"},
				"up": {"uv": [0, 7, 2, 8.9], "texture": "#7"}
			}
		},
		{
			"from": [2.6, 13, 11.9],
			"to": [3.6, 13.1, 12.9],
			"rotation": {"angle": -45, "axis": "y", "origin": [2.5, 13, 13]},
			"faces": {
				"north": {"uv": [0, 7, 1, 7.1], "texture": "#7"},
				"east": {"uv": [0, 8, 1, 8.1], "texture": "#7"},
				"south": {"uv": [0, 9, 1, 9.1], "texture": "#7"},
				"west": {"uv": [0, 10, 1, 10.1], "texture": "#7"},
				"up": {"uv": [0, 11, 2, 13], "texture": "#7"}
			}
		},
		{
			"from": [1.3, 13.005, 12.5],
			"to": [2, 13.005, 13.9],
			"rotation": {"angle": -45, "axis": "y", "origin": [2.5, 13, 13]},
			"faces": {
				"north": {"uv": [0, 0, 0.5, 0], "texture": "#missing"},
				"east": {"uv": [0, 0, 1.4, 0], "texture": "#missing"},
				"south": {"uv": [0, 0, 0.5, 0], "texture": "#missing"},
				"west": {"uv": [0, 0, 1.4, 0], "texture": "#missing"},
				"up": {"uv": [0, 7, 0.5, 8.4], "texture": "#7"},
				"down": {"uv": [0, 0, 0.5, 1.4], "texture": "#missing"}
			}
		},
		{
			"from": [2.5, 13.005, 11.5],
			"to": [3.8, 13.005, 13],
			"rotation": {"angle": -45, "axis": "y", "origin": [2.5, 13, 13]},
			"faces": {
				"north": {"uv": [0, 0, 1.3, 0], "texture": "#missing"},
				"east": {"uv": [0, 0, 1.5, 0], "texture": "#missing"},
				"south": {"uv": [0, 0, 1.3, 0], "texture": "#missing"},
				"west": {"uv": [0, 0, 1.5, 0], "texture": "#missing"},
				"up": {"uv": [0, 6, 1.3, 7.5], "texture": "#7"},
				"down": {"uv": [0, 0, 1.3, 1.5], "texture": "#missing"}
			}
		},
		{
			"from": [0, 12.005, 12.77],
			"to": [1, 13.005, 12.77],
			"rotation": {"angle": 45, "axis": "y", "origin": [0.5, 0.5, 11.5]},
			"faces": {
				"north": {"uv": [0, 7, 2, 9], "texture": "#7"},
				"east": {"uv": [0, 0, 0, 1], "texture": "#missing"},
				"south": {"uv": [0, 0, 1, 1], "texture": "#missing"},
				"west": {"uv": [0, 0, 0, 1], "texture": "#missing"},
				"up": {"uv": [0, 0, 1, 0], "texture": "#missing"},
				"down": {"uv": [0, 0, 1, 0], "texture": "#missing"}
			}
		},
		{
			"from": [0.25, 11.5, 12.78],
			"to": [0.75, 12.5, 12.78],
			"rotation": {"angle": 45, "axis": "y", "origin": [0.5, 0.5, 11.5]},
			"faces": {
				"north": {"uv": [0, 8, 2, 10], "texture": "#7"}
			}
		}
	],
	"gui_light": "front",
	"display": {
		"thirdperson_righthand": {
			"rotation": [75, 45, 0],
			"translation": [0, 2.5, 0],
			"scale": [0.375, 0.375, 0.375]
		},
		"thirdperson_lefthand": {
			"rotation": [75, 45, 0],
			"translation": [0, 2.5, 0],
			"scale": [0.375, 0.375, 0.375]
		},
		"firstperson_righthand": {
			"rotation": [0, 45, 0],
			"scale": [0.4, 0.4, 0.4]
		},
		"firstperson_lefthand": {
			"rotation": [0, 225, 0],
			"scale": [0.4, 0.4, 0.4]
		},
		"ground": {
			"translation": [0, 3, 0],
			"scale": [0.25, 0.25, 0.25]
		},
		"gui": {
			"rotation": [30, 225, 0],
			"scale": [0.625, 0.625, 0.625]
		},
		"fixed": {
			"scale": [0.5, 0.5, 0.5]
		}
	},
	"groups": [
		{
			"name": "VoxelShapes",
			"origin": [8, 8, 8],
			"color": 0,
			"nbt": "{}",
			"armAnimationEnabled": false,
			"children": [
				0,
				{
					"name": "posts",
					"origin": [14.25, 0.5, 14.25],
					"color": 0,
					"nbt": "{}",
					"armAnimationEnabled": false,
					"children": [1, 2, 3, 4]
				},
				{
					"name": "walls",
					"origin": [8, 8, 8],
					"color": 0,
					"nbt": "{}",
					"armAnimationEnabled": false,
					"children": [5, 6, 7, 8]
				}
			]
		},
		{
			"name": "detail",
			"origin": [6.5, 1.5, 15],
			"color": 0,
			"nbt": "{}",
			"armAnimationEnabled": false,
			"children": [
				{
					"name": "bottles",
					"origin": [8, 8, 8],
					"color": 0,
					"nbt": "{}",
					"armAnimationEnabled": false,
					"children": [
						{
							"name": "1",
							"origin": [0, 0, 0],
							"color": 0,
							"nbt": "{}",
							"armAnimationEnabled": false,
							"children": [9, 10, 11, 12]
						},
						{
							"name": "2",
							"origin": [0, 0, 0],
							"color": 0,
							"nbt": "{}",
							"armAnimationEnabled": false,
							"children": [13, 14, 15, 16]
						}
					]
				},
				{
					"name": "candles",
					"origin": [8, 8, 8],
					"color": 0,
					"nbt": "{}",
					"armAnimationEnabled": false,
					"children": [
						{
							"name": "1",
							"origin": [12.5, 10.5, 3.5],
							"color": 0,
							"nbt": "{}",
							"armAnimationEnabled": false,
							"children": [17, 18]
						},
						{
							"name": "2",
							"origin": [12.5, 10.5, 3.5],
							"color": 0,
							"nbt": "{}",
							"armAnimationEnabled": false,
							"children": [19, 20]
						},
						21,
						22,
						23,
						24,
						25,
						26,
						27
					]
				}
			]
		}
	]
}