{
	"credit": "Made by Cheaterpaul",
	"textures": {
		"0": "block/dark_oak_log",
		"3": "block/basalt_top",
		"particle": "block/basalt_top"
	},
	"render_type": "minecraft:cutout",
	"elements": [
		{
			"from": [0, 10, 5],
			"to": [16, 11, 11],
			"rotation": {"angle": 0, "axis": "y", "origin": [16, 2, 16]},
			"faces": {
				"north": {"uv": [0, 5, 16, 6], "texture": "#3"},
				"east": {"uv": [5, 5, 11, 6], "texture": "#3"},
				"south": {"uv": [0, 5, 16, 6], "texture": "#3"},
				"west": {"uv": [5, 5, 11, 6], "texture": "#3"},
				"up": {"uv": [16, 11, 0, 5], "texture": "#3"},
				"down": {"uv": [16, 11, 0, 5], "texture": "#3"}
			}
		},
		{
			"from": [1, 10, 4],
			"to": [15, 11, 5],
			"rotation": {"angle": 0, "axis": "y", "origin": [16, 2, 16]},
			"faces": {
				"north": {"uv": [1, 5, 15, 6], "texture": "#3"},
				"east": {"uv": [11, 5, 12, 6], "texture": "#3"},
				"south": {"uv": [1, 5, 15, 6], "texture": "#3"},
				"west": {"uv": [4, 5, 5, 6], "texture": "#3"},
				"up": {"uv": [15, 12, 1, 11], "texture": "#3"},
				"down": {"uv": [15, 5, 1, 4], "texture": "#3"}
			}
		},
		{
			"from": [2, 10, 3],
			"to": [14, 11, 5],
			"rotation": {"angle": 0, "axis": "y", "origin": [16, 2, 16]},
			"faces": {
				"north": {"uv": [2, 5, 14, 6], "texture": "#3"},
				"east": {"uv": [11, 5, 13, 6], "texture": "#3"},
				"south": {"uv": [2, 5, 14, 6], "texture": "#3"},
				"west": {"uv": [3, 5, 5, 6], "texture": "#3"},
				"up": {"uv": [14, 13, 2, 11], "texture": "#3"},
				"down": {"uv": [14, 5, 2, 3], "texture": "#3"}
			}
		},
		{
			"from": [3, 10, 2],
			"to": [13, 11, 3],
			"rotation": {"angle": 0, "axis": "y", "origin": [16, 2, 16]},
			"faces": {
				"north": {"uv": [3, 5, 13, 6], "texture": "#3"},
				"east": {"uv": [13, 5, 14, 6], "texture": "#3"},
				"south": {"uv": [3, 5, 13, 6], "texture": "#3"},
				"west": {"uv": [2, 5, 3, 6], "texture": "#3"},
				"up": {"uv": [13, 14, 3, 13], "texture": "#3"},
				"down": {"uv": [13, 3, 3, 2], "texture": "#3"}
			}
		},
		{
			"from": [5, 10, 0],
			"to": [11, 11, 1],
			"rotation": {"angle": 0, "axis": "y", "origin": [16, 2, 16]},
			"faces": {
				"north": {"uv": [5, 5, 11, 6], "texture": "#3"},
				"east": {"uv": [15, 5, 16, 6], "texture": "#3"},
				"south": {"uv": [5, 5, 11, 6], "texture": "#3"},
				"west": {"uv": [0, 5, 1, 6], "texture": "#3"},
				"up": {"uv": [11, 16, 5, 15], "texture": "#3"},
				"down": {"uv": [11, 1, 5, 0], "texture": "#3"}
			}
		},
		{
			"from": [1, 10, 11],
			"to": [15, 11, 12],
			"rotation": {"angle": 0, "axis": "y", "origin": [16, 2, 16]},
			"faces": {
				"north": {"uv": [1, 5, 15, 6], "texture": "#3"},
				"east": {"uv": [4, 5, 5, 6], "texture": "#3"},
				"south": {"uv": [1, 5, 15, 6], "texture": "#3"},
				"west": {"uv": [11, 5, 12, 6], "texture": "#3"},
				"up": {"uv": [15, 5, 1, 4], "texture": "#3"},
				"down": {"uv": [15, 12, 1, 11], "texture": "#3"}
			}
		},
		{
			"from": [2, 10, 12],
			"to": [14, 11, 13],
			"rotation": {"angle": 0, "axis": "y", "origin": [16, 2, 16]},
			"faces": {
				"north": {"uv": [2, 5, 14, 6], "texture": "#3"},
				"east": {"uv": [3, 5, 4, 6], "texture": "#3"},
				"south": {"uv": [2, 5, 14, 6], "texture": "#3"},
				"west": {"uv": [12, 5, 13, 6], "texture": "#3"},
				"up": {"uv": [14, 4, 2, 3], "texture": "#3"},
				"down": {"uv": [14, 13, 2, 12], "texture": "#3"}
			}
		},
		{
			"from": [4, 10, 14],
			"to": [12, 11, 15],
			"rotation": {"angle": 0, "axis": "y", "origin": [16, 2, 16]},
			"faces": {
				"north": {"uv": [4, 5, 12, 6], "texture": "#3"},
				"east": {"uv": [1, 5, 2, 6], "texture": "#3"},
				"south": {"uv": [4, 5, 12, 6], "texture": "#3"},
				"west": {"uv": [14, 5, 15, 6], "texture": "#3"},
				"up": {"uv": [12, 2, 4, 1], "texture": "#3"},
				"down": {"uv": [12, 15, 4, 14], "texture": "#3"}
			}
		},
		{
			"from": [5, 10, 15],
			"to": [11, 11, 16],
			"rotation": {"angle": 0, "axis": "y", "origin": [16, 2, 16]},
			"faces": {
				"north": {"uv": [5, 5, 11, 6], "texture": "#3"},
				"east": {"uv": [0, 5, 1, 6], "texture": "#3"},
				"south": {"uv": [5, 5, 11, 6], "texture": "#3"},
				"west": {"uv": [15, 5, 16, 6], "texture": "#3"},
				"up": {"uv": [11, 1, 5, 0], "texture": "#3"},
				"down": {"uv": [11, 16, 5, 15], "texture": "#3"}
			}
		},
		{
			"from": [3, 10, 13],
			"to": [13, 11, 14],
			"rotation": {"angle": 0, "axis": "y", "origin": [4, 10, 14]},
			"faces": {
				"north": {"uv": [3, 5, 13, 6], "texture": "#3"},
				"east": {"uv": [2, 5, 3, 6], "texture": "#3"},
				"south": {"uv": [3, 5, 13, 6], "texture": "#3"},
				"west": {"uv": [13, 5, 14, 6], "texture": "#3"},
				"up": {"uv": [13, 3, 3, 2], "texture": "#3"},
				"down": {"uv": [13, 14, 3, 13], "texture": "#3"}
			}
		},
		{
			"from": [4, 10, 1],
			"to": [12, 11, 2],
			"rotation": {"angle": 0, "axis": "y", "origin": [12, 10, 2]},
			"faces": {
				"north": {"uv": [4, 5, 12, 6], "texture": "#3"},
				"east": {"uv": [14, 5, 15, 6], "texture": "#3"},
				"south": {"uv": [4, 5, 12, 6], "texture": "#3"},
				"west": {"uv": [1, 5, 2, 6], "texture": "#3"},
				"up": {"uv": [12, 15, 4, 14], "texture": "#3"},
				"down": {"uv": [12, 2, 4, 1], "texture": "#3"}
			}
		},
		{
			"from": [0, 11, 5],
			"to": [7, 12, 11],
			"rotation": {"angle": 0, "axis": "y", "origin": [16, 2, 16]},
			"faces": {
				"north": {"uv": [9, 4, 16, 5], "texture": "#3"},
				"east": {"uv": [5, 4, 11, 5], "texture": "#3"},
				"south": {"uv": [0, 4, 7, 5], "texture": "#3"},
				"west": {"uv": [5, 4, 11, 5], "texture": "#3"},
				"up": {"uv": [16, 11, 9, 5], "texture": "#3"},
				"down": {"uv": [16, 11, 9, 5], "texture": "#3"}
			}
		},
		{
			"from": [9, 11, 5],
			"to": [16, 12, 11],
			"rotation": {"angle": 0, "axis": "y", "origin": [16, 2, 16]},
			"faces": {
				"north": {"uv": [0, 4, 7, 5], "texture": "#3"},
				"east": {"uv": [5, 4, 11, 5], "texture": "#3"},
				"south": {"uv": [9, 4, 16, 5], "texture": "#3"},
				"west": {"uv": [5, 4, 11, 5], "texture": "#3"},
				"up": {"uv": [7, 11, 0, 5], "texture": "#3"},
				"down": {"uv": [7, 11, 0, 5], "texture": "#3"}
			}
		},
		{
			"from": [1, 11, 4],
			"to": [15, 12, 5],
			"rotation": {"angle": 0, "axis": "y", "origin": [16, 2, 16]},
			"faces": {
				"north": {"uv": [1, 4, 15, 5], "texture": "#3"},
				"east": {"uv": [11, 4, 12, 5], "texture": "#3"},
				"south": {"uv": [1, 4, 15, 5], "texture": "#3"},
				"west": {"uv": [4, 4, 5, 5], "texture": "#3"},
				"up": {"uv": [15, 12, 1, 11], "texture": "#3"},
				"down": {"uv": [15, 5, 1, 4], "texture": "#3"}
			}
		},
		{
			"from": [2, 11, 3],
			"to": [14, 12, 5],
			"rotation": {"angle": 0, "axis": "y", "origin": [16, 2, 16]},
			"faces": {
				"north": {"uv": [2, 4, 14, 5], "texture": "#3"},
				"east": {"uv": [11, 4, 13, 5], "texture": "#3"},
				"south": {"uv": [2, 4, 14, 5], "texture": "#3"},
				"west": {"uv": [3, 4, 5, 5], "texture": "#3"},
				"up": {"uv": [14, 13, 2, 11], "texture": "#3"},
				"down": {"uv": [14, 5, 2, 3], "texture": "#3"}
			}
		},
		{
			"from": [3, 11, 2],
			"to": [13, 12, 3],
			"rotation": {"angle": 0, "axis": "y", "origin": [16, 2, 16]},
			"faces": {
				"north": {"uv": [3, 4, 13, 5], "texture": "#3"},
				"east": {"uv": [13, 4, 14, 5], "texture": "#3"},
				"south": {"uv": [3, 4, 13, 5], "texture": "#3"},
				"west": {"uv": [2, 4, 3, 5], "texture": "#3"},
				"up": {"uv": [13, 14, 3, 13], "texture": "#3"},
				"down": {"uv": [13, 3, 3, 2], "texture": "#3"}
			}
		},
		{
			"from": [5, 11, 0],
			"to": [11, 12, 1],
			"rotation": {"angle": 0, "axis": "y", "origin": [16, 2, 16]},
			"faces": {
				"north": {"uv": [5, 4, 11, 5], "texture": "#3"},
				"east": {"uv": [15, 4, 16, 5], "texture": "#3"},
				"south": {"uv": [5, 4, 11, 5], "texture": "#3"},
				"west": {"uv": [0, 4, 1, 5], "texture": "#3"},
				"up": {"uv": [11, 16, 5, 15], "texture": "#3"},
				"down": {"uv": [11, 1, 5, 0], "texture": "#3"}
			}
		},
		{
			"from": [10, 11, 11],
			"to": [15, 12, 12],
			"rotation": {"angle": 0, "axis": "y", "origin": [16, 2, 16]},
			"faces": {
				"north": {"uv": [1, 4, 6, 5], "texture": "#3"},
				"east": {"uv": [4, 4, 5, 5], "texture": "#3"},
				"south": {"uv": [10, 4, 15, 5], "texture": "#3"},
				"west": {"uv": [11, 4, 12, 5], "texture": "#3"},
				"up": {"uv": [6, 5, 1, 4], "texture": "#3"},
				"down": {"uv": [6, 12, 1, 11], "texture": "#3"}
			}
		},
		{
			"from": [1, 11, 11],
			"to": [6, 12, 12],
			"rotation": {"angle": 0, "axis": "y", "origin": [16, 2, 16]},
			"faces": {
				"north": {"uv": [10, 4, 15, 5], "texture": "#3"},
				"east": {"uv": [4, 4, 5, 5], "texture": "#3"},
				"south": {"uv": [1, 4, 6, 5], "texture": "#3"},
				"west": {"uv": [11, 4, 12, 5], "texture": "#3"},
				"up": {"uv": [15, 5, 10, 4], "texture": "#3"},
				"down": {"uv": [15, 12, 10, 11], "texture": "#3"}
			}
		},
		{
			"from": [2, 11, 12],
			"to": [6, 12, 13],
			"rotation": {"angle": 0, "axis": "y", "origin": [16, 2, 16]},
			"faces": {
				"north": {"uv": [10, 4, 14, 5], "texture": "#3"},
				"east": {"uv": [3, 4, 4, 5], "texture": "#3"},
				"south": {"uv": [2, 4, 6, 5], "texture": "#3"},
				"west": {"uv": [12, 4, 13, 5], "texture": "#3"},
				"up": {"uv": [14, 4, 10, 3], "texture": "#3"},
				"down": {"uv": [14, 13, 10, 12], "texture": "#3"}
			}
		},
		{
			"from": [10, 11, 12],
			"to": [14, 12, 13],
			"rotation": {"angle": 0, "axis": "y", "origin": [16, 2, 16]},
			"faces": {
				"north": {"uv": [2, 4, 6, 5], "texture": "#3"},
				"east": {"uv": [3, 4, 4, 5], "texture": "#3"},
				"south": {"uv": [10, 4, 14, 5], "texture": "#3"},
				"west": {"uv": [12, 4, 13, 5], "texture": "#3"},
				"up": {"uv": [6, 4, 2, 3], "texture": "#3"},
				"down": {"uv": [6, 13, 2, 12], "texture": "#3"}
			}
		},
		{
			"from": [4, 11, 14],
			"to": [12, 12, 15],
			"rotation": {"angle": 0, "axis": "y", "origin": [16, 2, 16]},
			"faces": {
				"north": {"uv": [4, 4, 12, 5], "texture": "#3"},
				"east": {"uv": [1, 4, 2, 5], "texture": "#3"},
				"south": {"uv": [4, 4, 12, 5], "texture": "#3"},
				"west": {"uv": [14, 4, 15, 5], "texture": "#3"},
				"up": {"uv": [12, 2, 4, 1], "texture": "#3"},
				"down": {"uv": [12, 15, 4, 14], "texture": "#3"}
			}
		},
		{
			"from": [5, 11, 15],
			"to": [11, 12, 16],
			"rotation": {"angle": 0, "axis": "y", "origin": [16, 2, 16]},
			"faces": {
				"north": {"uv": [5, 4, 11, 5], "texture": "#3"},
				"east": {"uv": [0, 4, 1, 5], "texture": "#3"},
				"south": {"uv": [5, 4, 11, 5], "texture": "#3"},
				"west": {"uv": [15, 4, 16, 5], "texture": "#3"},
				"up": {"uv": [11, 1, 5, 0], "texture": "#3"},
				"down": {"uv": [11, 16, 5, 15], "texture": "#3"}
			}
		},
		{
			"from": [3, 11, 13],
			"to": [7, 12, 14],
			"rotation": {"angle": 0, "axis": "y", "origin": [4, 10, 14]},
			"faces": {
				"north": {"uv": [9, 4, 13, 5], "texture": "#3"},
				"east": {"uv": [2, 4, 3, 5], "texture": "#3"},
				"south": {"uv": [3, 4, 7, 5], "texture": "#3"},
				"west": {"uv": [13, 4, 14, 5], "texture": "#3"},
				"up": {"uv": [13, 3, 9, 2], "texture": "#3"},
				"down": {"uv": [13, 14, 9, 13], "texture": "#3"}
			}
		},
		{
			"from": [9, 11, 13],
			"to": [13, 12, 14],
			"rotation": {"angle": 0, "axis": "y", "origin": [4, 10, 14]},
			"faces": {
				"north": {"uv": [3, 4, 7, 5], "texture": "#3"},
				"east": {"uv": [2, 4, 3, 5], "texture": "#3"},
				"south": {"uv": [9, 4, 13, 5], "texture": "#3"},
				"west": {"uv": [13, 4, 14, 5], "texture": "#3"},
				"up": {"uv": [7, 3, 3, 2], "texture": "#3"},
				"down": {"uv": [7, 14, 3, 13], "texture": "#3"}
			}
		},
		{
			"from": [4, 11, 1],
			"to": [12, 12, 2],
			"rotation": {"angle": 0, "axis": "y", "origin": [12, 10, 2]},
			"faces": {
				"north": {"uv": [4, 4, 12, 5], "texture": "#3"},
				"east": {"uv": [14, 4, 15, 5], "texture": "#3"},
				"south": {"uv": [4, 4, 12, 5], "texture": "#3"},
				"west": {"uv": [1, 4, 2, 5], "texture": "#3"},
				"up": {"uv": [12, 15, 4, 14], "texture": "#3"},
				"down": {"uv": [12, 2, 4, 1], "texture": "#3"}
			}
		},
		{
			"from": [7, 11, 5],
			"to": [9, 12, 10],
			"rotation": {"angle": 0, "axis": "y", "origin": [16, 0, 16]},
			"faces": {
				"north": {"uv": [7, 4, 9, 5], "texture": "#3"},
				"east": {"uv": [6, 4, 11, 5], "texture": "#3"},
				"south": {"uv": [7, 4, 9, 5], "texture": "#3"},
				"west": {"uv": [5, 4, 10, 5], "texture": "#3"},
				"up": {"uv": [9, 11, 7, 6], "texture": "#3"},
				"down": {"uv": [9, 10, 7, 5], "texture": "#3"}
			}
		},
		{
			"from": [2, 0, 5],
			"to": [4, 10, 7],
			"rotation": {"angle": 0, "axis": "y", "origin": [4, 0, 7]},
			"faces": {
				"north": {"uv": [12, 6, 14, 16], "texture": "#0"},
				"east": {"uv": [9, 6, 11, 16], "texture": "#0"},
				"south": {"uv": [2, 6, 4, 16], "texture": "#0"},
				"west": {"uv": [5, 6, 7, 16], "texture": "#0"},
				"up": {"uv": [16, 2, 15, 0], "texture": "#0"},
				"down": {"uv": [14, 7, 12, 5], "texture": "#0"}
			}
		},
		{
			"from": [7, 0, 1],
			"to": [9, 10, 3],
			"rotation": {"angle": 0, "axis": "y", "origin": [9, 0, 3]},
			"faces": {
				"north": {"uv": [7, 6, 9, 16], "texture": "#0"},
				"east": {"uv": [13, 6, 15, 16], "texture": "#0"},
				"south": {"uv": [7, 6, 9, 16], "texture": "#0"},
				"west": {"uv": [1, 6, 3, 16], "texture": "#0"},
				"up": {"uv": [16, 2, 15, 0], "texture": "#0"},
				"down": {"uv": [9, 3, 7, 1], "texture": "#0"}
			}
		},
		{
			"from": [12, 0, 5],
			"to": [14, 10, 7],
			"rotation": {"angle": 0, "axis": "y", "origin": [14, 0, 7]},
			"faces": {
				"north": {"uv": [2, 6, 4, 16], "texture": "#0"},
				"east": {"uv": [9, 6, 11, 16], "texture": "#0"},
				"south": {"uv": [12, 6, 14, 16], "texture": "#0"},
				"west": {"uv": [5, 6, 7, 16], "texture": "#0"},
				"up": {"uv": [16, 2, 15, 0], "texture": "#0"},
				"down": {"uv": [4, 7, 2, 5], "texture": "#0"}
			}
		},
		{
			"from": [3, 0, 11],
			"to": [5, 10, 13],
			"rotation": {"angle": 0, "axis": "y", "origin": [5, 0, 13]},
			"faces": {
				"north": {"uv": [11, 6, 13, 16], "texture": "#0"},
				"east": {"uv": [3, 6, 5, 16], "texture": "#0"},
				"south": {"uv": [3, 6, 5, 16], "texture": "#0"},
				"west": {"uv": [11, 6, 13, 16], "texture": "#0"},
				"up": {"uv": [16, 2, 15, 0], "texture": "#0"},
				"down": {"uv": [13, 13, 11, 11], "texture": "#0"}
			}
		},
		{
			"from": [11, 0, 11],
			"to": [13, 10, 13],
			"rotation": {"angle": 0, "axis": "y", "origin": [13, 0, 13]},
			"faces": {
				"north": {"uv": [3, 6, 5, 16], "texture": "#0"},
				"east": {"uv": [3, 6, 5, 16], "texture": "#0"},
				"south": {"uv": [11, 6, 13, 16], "texture": "#0"},
				"west": {"uv": [11, 6, 13, 16], "texture": "#0"},
				"up": {"uv": [16, 2, 15, 0], "texture": "#0"},
				"down": {"uv": [5, 13, 3, 11], "texture": "#0"}
			}
		},
		{
			"from": [3, 14, 5],
			"to": [4, 15, 7],
			"rotation": {"angle": 0, "axis": "y", "origin": [3, 14, 6]},
			"faces": {
				"north": {"uv": [13, 1, 14, 2], "texture": "#3"},
				"east": {"uv": [10, 1, 12, 2], "texture": "#3"},
				"south": {"uv": [2, 1, 3, 2], "texture": "#3"},
				"west": {"uv": [4, 1, 6, 2], "texture": "#3"},
				"up": {"uv": [14, 12, 13, 10], "texture": "#3"},
				"down": {"uv": [14, 6, 13, 4], "texture": "#3"}
			}
		},
		{
			"from": [6, 12, 1],
			"to": [7, 14, 2],
			"rotation": {"angle": 0, "axis": "y", "origin": [6, 12, 1]},
			"faces": {
				"north": {"uv": [10, 2, 11, 4], "texture": "#3"},
				"east": {"uv": [15, 2, 16, 4], "texture": "#3"},
				"south": {"uv": [5, 2, 6, 4], "texture": "#3"},
				"west": {"uv": [0, 2, 1, 4], "texture": "#3"},
				"up": {"uv": [11, 16, 10, 15], "texture": "#3"},
				"down": {"uv": [11, 1, 10, 0], "texture": "#3"}
			}
		},
		{
			"from": [2, 12, 5],
			"to": [3, 14, 6],
			"rotation": {"angle": 0, "axis": "y", "origin": [2, 12, 5]},
			"faces": {
				"north": {"uv": [14, 2, 15, 4], "texture": "#3"},
				"east": {"uv": [11, 2, 12, 4], "texture": "#3"},
				"south": {"uv": [1, 2, 2, 4], "texture": "#3"},
				"west": {"uv": [4, 2, 5, 4], "texture": "#3"},
				"up": {"uv": [15, 12, 14, 11], "texture": "#3"},
				"down": {"uv": [15, 5, 14, 4], "texture": "#3"}
			}
		},
		{
			"from": [4, 12, 3],
			"to": [5, 14, 4],
			"rotation": {"angle": 0, "axis": "y", "origin": [4, 12, 3]},
			"faces": {
				"north": {"uv": [12, 2, 13, 4], "texture": "#3"},
				"east": {"uv": [13, 2, 14, 4], "texture": "#3"},
				"south": {"uv": [3, 2, 4, 4], "texture": "#3"},
				"west": {"uv": [2, 2, 3, 4], "texture": "#3"},
				"up": {"uv": [13, 14, 12, 13], "texture": "#3"},
				"down": {"uv": [13, 3, 12, 2], "texture": "#3"}
			}
		},
		{
			"from": [1, 12, 7],
			"to": [2, 14, 8],
			"rotation": {"angle": 0, "axis": "y", "origin": [1, 12, 7]},
			"faces": {
				"north": {"uv": [15, 2, 16, 4], "texture": "#3"},
				"east": {"uv": [9, 2, 10, 4], "texture": "#3"},
				"south": {"uv": [0, 2, 1, 4], "texture": "#3"},
				"west": {"uv": [6, 2, 7, 4], "texture": "#3"},
				"up": {"uv": [16, 10, 15, 9], "texture": "#3"},
				"down": {"uv": [16, 7, 15, 6], "texture": "#3"}
			}
		},
		{
			"from": [1, 14, 5],
			"to": [3, 15, 9],
			"rotation": {"angle": 0, "axis": "y", "origin": [1, 14, 7]},
			"faces": {
				"north": {"uv": [14, 1, 16, 2], "texture": "#3"},
				"east": {"uv": [8, 1, 12, 2], "texture": "#3"},
				"south": {"uv": [0, 1, 2, 2], "texture": "#3"},
				"west": {"uv": [4, 1, 8, 2], "texture": "#3"},
				"up": {"uv": [16, 12, 14, 8], "texture": "#3"},
				"down": {"uv": [16, 8, 14, 4], "texture": "#3"}
			}
		},
		{
			"from": [5, 14, 0],
			"to": [7, 15, 3],
			"rotation": {"angle": 0, "axis": "y", "origin": [6, 14, 2]},
			"faces": {
				"north": {"uv": [10, 1, 12, 2], "texture": "#3"},
				"east": {"uv": [14, 1, 16, 2], "texture": "#3"},
				"south": {"uv": [4, 1, 6, 2], "texture": "#3"},
				"west": {"uv": [0, 1, 2, 2], "texture": "#3"},
				"up": {"uv": [12, 16, 10, 14], "texture": "#3"},
				"down": {"uv": [12, 2, 10, 0], "texture": "#3"}
			}
		},
		{
			"from": [3, 14, 2],
			"to": [5, 15, 5],
			"rotation": {"angle": 0, "axis": "y", "origin": [3, 14, 4]},
			"faces": {
				"north": {"uv": [12, 1, 14, 2], "texture": "#3"},
				"east": {"uv": [12, 1, 15, 2], "texture": "#3"},
				"south": {"uv": [2, 1, 4, 2], "texture": "#3"},
				"west": {"uv": [1, 1, 4, 2], "texture": "#3"},
				"up": {"uv": [14, 15, 12, 12], "texture": "#3"},
				"down": {"uv": [14, 4, 12, 1], "texture": "#3"}
			}
		},
		{
			"from": [4, 14, 1],
			"to": [5, 15, 2],
			"rotation": {"angle": 0, "axis": "y", "origin": [4, 14, 1]},
			"faces": {
				"north": {"uv": [12, 1, 13, 2], "texture": "#3"},
				"east": {"uv": [15, 1, 16, 2], "texture": "#3"},
				"south": {"uv": [3, 1, 4, 2], "texture": "#3"},
				"west": {"uv": [0, 1, 1, 2], "texture": "#3"},
				"up": {"uv": [13, 16, 12, 15], "texture": "#3"},
				"down": {"uv": [13, 1, 12, 0], "texture": "#3"}
			}
		},
		{
			"from": [1, 14, 4],
			"to": [3, 15, 5],
			"rotation": {"angle": 0, "axis": "y", "origin": [2, 14, 4]},
			"faces": {
				"north": {"uv": [14, 1, 16, 2], "texture": "#3"},
				"east": {"uv": [12, 1, 13, 2], "texture": "#3"},
				"south": {"uv": [0, 1, 2, 2], "texture": "#3"},
				"west": {"uv": [3, 1, 4, 2], "texture": "#3"},
				"up": {"uv": [16, 13, 14, 12], "texture": "#3"},
				"down": {"uv": [16, 4, 14, 3], "texture": "#3"}
			}
		},
		{
			"from": [2, 14, 3],
			"to": [3, 15, 4],
			"rotation": {"angle": 0, "axis": "y", "origin": [2, 14, 3]},
			"faces": {
				"north": {"uv": [14, 1, 15, 2], "texture": "#3"},
				"east": {"uv": [13, 1, 14, 2], "texture": "#3"},
				"south": {"uv": [1, 1, 2, 2], "texture": "#3"},
				"west": {"uv": [2, 1, 3, 2], "texture": "#3"},
				"up": {"uv": [15, 14, 14, 13], "texture": "#3"},
				"down": {"uv": [15, 3, 14, 2], "texture": "#3"}
			}
		},
		{
			"from": [0, 14, 5],
			"to": [1, 15, 9],
			"rotation": {"angle": 0, "axis": "y", "origin": [0, 14, 5]},
			"faces": {
				"north": {"uv": [16, 1, 15, 2], "texture": "#3"},
				"east": {"uv": [8, 1, 12, 2], "texture": "#3"},
				"south": {"uv": [0, 1, 1, 2], "texture": "#3"},
				"west": {"uv": [4, 1, 8, 2], "texture": "#3"},
				"up": {"uv": [15, 12, 16, 8], "texture": "#3"},
				"down": {"uv": [15, 8, 16, 4], "texture": "#3"}
			}
		},
		{
			"from": [7, 14, 0],
			"to": [8, 15, 3],
			"rotation": {"angle": 0, "axis": "y", "origin": [7, 14, 0]},
			"faces": {
				"north": {"uv": [9, 1, 10, 2], "texture": "#3"},
				"east": {"uv": [14, 1, 16, 2], "texture": "#3"},
				"south": {"uv": [6, 1, 7, 2], "texture": "#3"},
				"west": {"uv": [0, 1, 2, 2], "texture": "#3"},
				"up": {"uv": [10, 16, 9, 14], "texture": "#3"},
				"down": {"uv": [10, 2, 9, 0], "texture": "#3"}
			}
		},
		{
			"from": [5, 14, 3],
			"to": [6, 15, 5],
			"rotation": {"angle": 0, "axis": "y", "origin": [5, 14, 4]},
			"faces": {
				"north": {"uv": [11, 1, 12, 2], "texture": "#3"},
				"east": {"uv": [12, 1, 14, 2], "texture": "#3"},
				"south": {"uv": [4, 1, 5, 2], "texture": "#3"},
				"west": {"uv": [2, 1, 4, 2], "texture": "#3"},
				"up": {"uv": [12, 14, 11, 12], "texture": "#3"},
				"down": {"uv": [12, 4, 11, 2], "texture": "#3"}
			}
		}
	],
	"display": {
		"thirdperson_righthand": {
			"rotation": [75, 45, 0],
			"translation": [0, 2.5, 0],
			"scale": [0.375, 0.375, 0.375]
		},
		"thirdperson_lefthand": {
			"rotation": [75, 45, 0],
			"translation": [0, 2.5, 0],
			"scale": [0.375, 0.375, 0.375]
		},
		"firstperson_righthand": {
			"rotation": [0, 45, 0],
			"scale": [0.4, 0.4, 0.4]
		},
		"firstperson_lefthand": {
			"rotation": [0, 225, 0],
			"scale": [0.4, 0.4, 0.4]
		},
		"ground": {
			"translation": [0, 3, 0],
			"scale": [0.25, 0.25, 0.25]
		},
		"gui": {
			"rotation": [30, 225, 0],
			"scale": [0.625, 0.625, 0.625]
		},
		"fixed": {
			"scale": [0.5, 0.5, 0.5]
		}
	},
	"groups": [
		{
			"name": "plate1",
			"origin": [0, 0, 0],
			"color": 0,
			"nbt": "{}",
			"armAnimationEnabled": false,
			"children": [0, 1, 2, 3, 4, 5, 6, 7, 8, 9, 10]
		},
		{
			"name": "plate2",
			"origin": [0, 0, 0],
			"color": 0,
			"nbt": "{}",
			"armAnimationEnabled": false,
			"children": [11, 12, 13, 14, 15, 16, 17, 18, 19, 20, 21, 22, 23, 24, 25, 26]
		},
		{
			"name": "legs",
			"origin": [8, 8, 8],
			"color": 0,
			"nbt": "{}",
			"armAnimationEnabled": false,
			"children": [27, 28, 29, 30, 31]
		},
		{
			"name": "stand",
			"origin": [11, 14, 12],
			"color": 0,
			"nbt": "{}",
			"armAnimationEnabled": false,
			"children": [32, 33, 34, 35, 36, 37, 38, 39, 40, 41, 42, 43, 44, 45]
		}
	]
}