{
  "multipart": [
    {
      "apply": [
        {
          "model": "vampirism:block/fire_floor0"
        },
        {
          "model": "vampirism:block/fire_floor1"
        }
      ]
    },
    {
      "apply": [
        {
          "model": "vampirism:block/fire_side0"
        },
        {
          "model": "vampirism:block/fire_side1"
        },
        {
          "model": "vampirism:block/fire_side_alt0"
        },
        {
          "model": "vampirism:block/fire_side_alt1"
        }
      ]
    },
    {
      "apply": [
        {
          "model": "vampirism:block/fire_side0",
          "y": 90
        },
        {
          "model": "vampirism:block/fire_side1",
          "y": 90
        },
        {
          "model": "vampirism:block/fire_side_alt0",
          "y": 90
        },
        {
          "model": "vampirism:block/fire_side_alt1",
          "y": 90
        }
      ]
    },
    {
      "apply": [
        {
          "model": "vampirism:block/fire_side0",
          "y": 180
        },
        {
          "model": "vampirism:block/fire_side1",
          "y": 180
        },
        {
          "model": "vampirism:block/fire_side_alt0",
          "y": 180
        },
        {
          "model": "vampirism:block/fire_side_alt1",
          "y": 180
        }
      ]
    },
    {
      "apply": [
        {
          "model": "vampirism:block/fire_side0",
          "y": 270
        },
        {
          "model": "vampirism:block/fire_side1",
          "y": 270
        },
        {
          "model": "vampirism:block/fire_side_alt0",
          "y": 270
        },
        {
          "model": "vampirism:block/fire_side_alt1",
          "y": 270
        }
      ]
    }
  ]
}