{
  "multipart": [
    {
      "apply": {
        "model": "vampirism:block/cursed_bark_side",
        "y": 90
      },
      "when": {
        "east_type": "vertical"
      }
    },
    {
      "apply": {
        "model": "vampirism:block/cursed_bark_side"
      },
      "when": {
        "north_type": "vertical"
      }
    },
    {
      "apply": {
        "model": "vampirism:block/cursed_bark_side",
        "y": 270
      },
      "when": {
        "west_type": "vertical"
      }
    },
    {
      "apply": {
        "model": "vampirism:block/cursed_bark_side",
        "y": 180
      },
      "when": {
        "south_type": "vertical"
      }
    },
    {
      "apply": {
        "model": "vampirism:block/cursed_bark_side",
        "x": 270
      },
      "when": {
        "up_type": "vertical"
      }
    },
    {
      "apply": {
        "model": "vampirism:block/cursed_bark_side",
        "x": 90
      },
      "when": {
        "down_type": "vertical"
      }
    },
    {
      "apply": {
        "model": "vampirism:block/cursed_bark_side_2",
        "y": 90
      },
      "when": {
        "east_type": "horizontal"
      }
    },
    {
      "apply": {
        "model": "vampirism:block/cursed_bark_side_2",
        "x": 180,
        "y": 180
      },
      "when": {
        "north_type": "horizontal"
      }
    },
    {
      "apply": {
        "model": "vampirism:block/cursed_bark_side_2",
        "y": 270
      },
      "when": {
        "west_type": "horizontal"
      }
    },
    {
      "apply": {
        "model": "vampirism:block/cursed_bark_side_2",
        "y": 180
      },
      "when": {
        "south_type": "horizontal"
      }
    },
    {
      "apply": {
        "model": "vampirism:block/cursed_bark_side_2",
        "x": 270
      },
      "when": {
        "up_type": "horizontal"
      }
    },
    {
      "apply": {
        "model": "vampirism:block/cursed_bark_side_2",
        "x": 90,
        "y": 180
      },
      "when": {
        "down_type": "horizontal"
      }
    }
  ]
}