{
  "variants": {
    "age=0": {
      "model": "vampirism:block/garlic_stage_0"
    },
    "age=1": {
      "model": "vampirism:block/garlic_stage_0"
    },
    "age=2": {
      "model": "vampirism:block/garlic_stage_1"
    },
    "age=3": {
      "model": "vampirism:block/garlic_stage_1"
    },
    "age=4": {
      "model": "vampirism:block/garlic_stage_2"
    },
    "age=5": {
      "model": "vampirism:block/garlic_stage_2"
    },
    "age=6": {
      "model": "vampirism:block/garlic_stage_3"
    },
    "age=7": {
      "model": "vampirism:block/garlic_stage_3"
    }
  }
}