{
  "variants": {
    "facing=east,part=main": {
      "model": "vampirism:block/tombstone3",
      "y": 90
    },
    "facing=east,part=sub": {
      "model": "vampirism:block/tombstone3",
      "y": 90
    },
    "facing=north,part=main": {
      "model": "vampirism:block/tombstone3"
    },
    "facing=north,part=sub": {
      "model": "vampirism:block/tombstone3"
    },
    "facing=south,part=main": {
      "model": "vampirism:block/tombstone3",
      "y": 180
    },
    "facing=south,part=sub": {
      "model": "vampirism:block/tombstone3",
      "y": 180
    },
    "facing=west,part=main": {
      "model": "vampirism:block/tombstone3",
      "y": 270
    },
    "facing=west,part=sub": {
      "model": "vampirism:block/tombstone3",
      "y": 270
    }
  }
}