{
  "__comment": "Designed by Maxanier with Cubik Studio",
  "textures": {
    "particle": "vampirism:block/dark_steel",
    "texture": "vampirism:block/dark_steel",
    "coal": "block/coal_block",
    "wood": "block/oak_log",
    "stone": "block/stone_bricks"
  },
  "render_type": "minecraft:cutout",
  "elements": [
    {
      "__comment": "FireWood",
      "from": [
        6.2,
        0,
        2.5
      ],
      "to": [
        8.299999,
        2.1,
        7.75
      ],
      "rotation": {
        "origin": [
          6.2,
          0,
          2.5
        ],
        "axis": "y",
        "angle": -45
      },
      "faces": {
        "down": {
          "uv": [
            15,
            9,
            12.5,
            2
          ],
          "texture": "#wood",
          "cullface": "down"
        },
        "up": {
          "uv": [
            1,
            2,
            3.5,
            9
          ],
          "texture": "#wood"
        },
        "north": {
          "uv": [
            12.5,
            14,
            15,
            16
          ],
          "texture": "#wood"
        },
        "south": {
          "uv": [
            1,
            14,
            3.5,
            16
          ],
          "texture": "#wood"
        },
        "west": {
          "uv": [
            2,
            14,
            9,
            16
          ],
          "texture": "#wood"
        },
        "east": {
          "uv": [
            7,
            14,
            14,
            16
          ],
          "texture": "#wood"
        }
      }
    },
    {
      "__comment": "FireWood1",
      "from": [
        2.35,
        0,
        10.2
      ],
      "to": [
        4.45,
        2.1,
        15.1
      ],
      "rotation": {
        "origin": [
          2.35,
          0,
          10.2
        ],
        "axis": "y",
        "angle": 45
      },
      "faces": {
        "down": {
          "uv": [
            15,
            9,
            12.5,
            2
          ],
          "texture": "#wood",
          "cullface": "down"
        },
        "up": {
          "uv": [
            1,
            2,
            3.5,
            9
          ],
          "texture": "#wood"
        },
        "north": {
          "uv": [
            12.5,
            14,
            15,
            16
          ],
          "texture": "#wood"
        },
        "south": {
          "uv": [
            1,
            14,
            3.5,
            16
          ],
          "texture": "#wood"
        },
        "west": {
          "uv": [
            2,
            14,
            9,
            16
          ],
          "texture": "#wood"
        },
        "east": {
          "uv": [
            7,
            14,
            14,
            16
          ],
          "texture": "#wood"
        }
      }
    },
    {
      "__comment": "FireWood2",
      "from": [
        2.35,
        0,
        5.65
      ],
      "to": [
        4.1,
        1.75,
        10.55
      ],
      "faces": {
        "down": {
          "uv": [
            15,
            9,
            12.5,
            2
          ],
          "texture": "#wood",
          "cullface": "down"
        },
        "up": {
          "uv": [
            1,
            2,
            3.5,
            9
          ],
          "texture": "#wood"
        },
        "north": {
          "uv": [
            12.5,
            14,
            15,
            16
          ],
          "texture": "#wood"
        },
        "south": {
          "uv": [
            1,
            14,
            3.5,
            16
          ],
          "texture": "#wood"
        },
        "west": {
          "uv": [
            2,
            14,
            9,
            16
          ],
          "texture": "#wood"
        },
        "east": {
          "uv": [
            7,
            14,
            14,
            16
          ],
          "texture": "#wood"
        }
      }
    },
    {
      "__comment": "FireWood3",
      "from": [
        12.15,
        0,
        8.45
      ],
      "to": [
        14.25,
        2.1,
        13.7
      ],
      "rotation": {
        "origin": [
          12.15,
          0,
          8.45
        ],
        "axis": "y",
        "angle": -45
      },
      "faces": {
        "down": {
          "uv": [
            15,
            9,
            12.5,
            2
          ],
          "texture": "#wood",
          "cullface": "down"
        },
        "up": {
          "uv": [
            1,
            2,
            3.5,
            9
          ],
          "texture": "#wood"
        },
        "north": {
          "uv": [
            12.5,
            14,
            15,
            16
          ],
          "texture": "#wood"
        },
        "south": {
          "uv": [
            1,
            14,
            3.5,
            16
          ],
          "texture": "#wood"
        },
        "west": {
          "uv": [
            2,
            14,
            9,
            16
          ],
          "texture": "#wood"
        },
        "east": {
          "uv": [
            7,
            14,
            14,
            16
          ],
          "texture": "#wood"
        }
      }
    },
    {
      "__comment": "FireWood4",
      "from": [
        8.65,
        0,
        3.9
      ],
      "to": [
        10.75,
        2.1,
        8.8
      ],
      "rotation": {
        "origin": [
          8.65,
          0,
          3.9
        ],
        "axis": "y",
        "angle": 45
      },
      "faces": {
        "down": {
          "uv": [
            15,
            9,
            12.5,
            2
          ],
          "texture": "#wood",
          "cullface": "down"
        },
        "up": {
          "uv": [
            1,
            2,
            3.5,
            9
          ],
          "texture": "#wood"
        },
        "north": {
          "uv": [
            12.5,
            14,
            15,
            16
          ],
          "texture": "#wood"
        },
        "south": {
          "uv": [
            1,
            14,
            3.5,
            16
          ],
          "texture": "#wood"
        },
        "west": {
          "uv": [
            2,
            14,
            9,
            16
          ],
          "texture": "#wood"
        },
        "east": {
          "uv": [
            7,
            14,
            14,
            16
          ],
          "texture": "#wood"
        }
      }
    },
    {
      "__comment": "FireWood5",
      "from": [
        11.8,
        0,
        5.65
      ],
      "to": [
        13.55,
        1.75,
        10.55
      ],
      "faces": {
        "down": {
          "uv": [
            15,
            9,
            12.5,
            2
          ],
          "texture": "#wood",
          "cullface": "down"
        },
        "up": {
          "uv": [
            1,
            2,
            3.5,
            9
          ],
          "texture": "#wood"
        },
        "north": {
          "uv": [
            12.5,
            14,
            15,
            16
          ],
          "texture": "#wood"
        },
        "south": {
          "uv": [
            1,
            14,
            3.5,
            16
          ],
          "texture": "#wood"
        },
        "west": {
          "uv": [
            2,
            14,
            9,
            16
          ],
          "texture": "#wood"
        },
        "east": {
          "uv": [
            7,
            14,
            14,
            16
          ],
          "texture": "#wood"
        }
      }
    },
    {
      "__comment": "FireWood6",
      "from": [
        5.15,
        0,
        11.6
      ],
      "to": [
        10.75,
        1.75,
        13.7
      ],
      "faces": {
        "down": {
          "uv": [
            12,
            16,
            4,
            13
          ],
          "texture": "#wood",
          "cullface": "down"
        },
        "up": {
          "uv": [
            4,
            13,
            12,
            16
          ],
          "texture": "#wood"
        },
        "north": {
          "uv": [
            4,
            13.5,
            12,
            16
          ],
          "texture": "#wood"
        },
        "south": {
          "uv": [
            4,
            13.5,
            12,
            16
          ],
          "texture": "#wood"
        },
        "west": {
          "uv": [
            13,
            13.5,
            16,
            16
          ],
          "texture": "#wood"
        },
        "east": {
          "uv": [
            0,
            13.5,
            3,
            16
          ],
          "texture": "#wood"
        }
      }
    },
    {
      "__comment": "FireWood7",
      "from": [
        5.15,
        0,
        2.5
      ],
      "to": [
        10.75,
        1.75,
        4.6
      ],
      "faces": {
        "down": {
          "uv": [
            12,
            3,
            4,
            0
          ],
          "texture": "#wood",
          "cullface": "down"
        },
        "up": {
          "uv": [
            4,
            0,
            12,
            3
          ],
          "texture": "#wood"
        },
        "north": {
          "uv": [
            4,
            13.5,
            12,
            16
          ],
          "texture": "#wood"
        },
        "south": {
          "uv": [
            4,
            13.5,
            12,
            16
          ],
          "texture": "#wood"
        },
        "west": {
          "uv": [
            0,
            13.5,
            3,
            16
          ],
          "texture": "#wood"
        },
        "east": {
          "uv": [
            13,
            13.5,
            16,
            16
          ],
          "texture": "#wood"
        }
      }
    },
    {
      "__comment": "FireAsh",
      "from": [
        4.45,
        0,
        4.6
      ],
      "to": [
        11.45,
        0.7,
        11.6
      ],
      "faces": {
        "down": {
          "uv": [
            13,
            13,
            3,
            3
          ],
          "texture": "#coal",
          "cullface": "down"
        },
        "up": {
          "uv": [
            3,
            3,
            13,
            13
          ],
          "texture": "#coal"
        },
        "north": {
          "uv": [
            3,
            15,
            13,
            16
          ],
          "texture": "#coal"
        },
        "south": {
          "uv": [
            3,
            15,
            13,
            16
          ],
          "texture": "#coal"
        },
        "west": {
          "uv": [
            3,
            15,
            13,
            16
          ],
          "texture": "#coal"
        },
        "east": {
          "uv": [
            3,
            15,
            13,
            16
          ],
          "texture": "#coal"
        }
      }
    },
    {
      "__comment": "Bowl",
      "from": [
        5,
        5,
        5
      ],
      "to": [
        11,
        6,
        11
      ],
      "faces": {
        "down": {
          "uv": [
            5,
            5,
            11,
            11
          ],
          "texture": "#texture"
        },
        "north": {
          "uv": [
            5,
            10,
            11,
            11
          ],
          "texture": "#texture"
        },
        "south": {
          "uv": [
            5,
            10,
            11,
            11
          ],
          "texture": "#texture"
        },
        "west": {
          "uv": [
            5,
            10,
            11,
            11
          ],
          "texture": "#texture"
        },
        "east": {
          "uv": [
            5,
            10,
            11,
            11
          ],
          "texture": "#texture"
        }
      }
    },
    {
      "__comment": "Bowl1",
      "from": [
        4,
        6,
        4
      ],
      "to": [
        12,
        7,
        12
      ],
      "faces": {
        "down": {
          "uv": [
            4,
            4,
            12,
            12
          ],
          "texture": "#texture"
        },
        "up": {
          "uv": [
            4,
            4,
            12,
            12
          ],
          "texture": "#texture"
        },
        "north": {
          "uv": [
            4,
            9,
            12,
            10
          ],
          "texture": "#texture"
        },
        "south": {
          "uv": [
            4,
            9,
            12,
            10
          ],
          "texture": "#texture"
        },
        "west": {
          "uv": [
            4,
            9,
            12,
            10
          ],
          "texture": "#texture"
        },
        "east": {
          "uv": [
            4,
            9,
            12,
            10
          ],
          "texture": "#texture"
        }
      }
    },
    {
      "__comment": "Bowl2",
      "from": [
        3,
        7,
        4
      ],
      "to": [
        4,
        8,
        12
      ],
      "faces": {
        "down": {
          "uv": [
            3,
            4,
            4,
            12
          ],
          "texture": "#texture"
        },
        "up": {
          "uv": [
            3,
            4,
            4,
            12
          ],
          "texture": "#texture"
        },
        "north": {
          "uv": [
            12,
            8,
            13,
            9
          ],
          "texture": "#texture"
        },
        "south": {
          "uv": [
            3,
            8,
            4,
            9
          ],
          "texture": "#texture"
        },
        "west": {
          "uv": [
            4,
            8,
            12,
            9
          ],
          "texture": "#texture"
        },
        "east": {
          "uv": [
            4,
            8,
            12,
            9
          ],
          "texture": "#texture"
        }
      }
    },
    {
      "__comment": "Bowl3",
      "from": [
        4,
        7,
        3
      ],
      "to": [
        12,
        8,
        4
      ],
      "faces": {
        "down": {
          "uv": [
            4,
            12,
            12,
            13
          ],
          "texture": "#texture"
        },
        "up": {
          "uv": [
            4,
            3,
            12,
            4
          ],
          "texture": "#texture"
        },
        "north": {
          "uv": [
            4,
            8,
            12,
            9
          ],
          "texture": "#texture"
        },
        "south": {
          "uv": [
            4,
            8,
            12,
            9
          ],
          "texture": "#texture"
        },
        "west": {
          "uv": [
            3,
            8,
            4,
            9
          ],
          "texture": "#texture"
        },
        "east": {
          "uv": [
            12,
            8,
            13,
            9
          ],
          "texture": "#texture"
        }
      }
    },
    {
      "__comment": "Bowl4",
      "from": [
        4,
        7,
        12
      ],
      "to": [
        12,
        8,
        13
      ],
      "faces": {
        "down": {
          "uv": [
            4,
            12,
            12,
            13
          ],
          "texture": "#texture"
        },
        "up": {
          "uv": [
            4,
            3,
            12,
            4
          ],
          "texture": "#texture"
        },
        "north": {
          "uv": [
            4,
            13,
            12,
            14
          ],
          "texture": "#texture"
        },
        "south": {
          "uv": [
            4,
            13,
            12,
            14
          ],
          "texture": "#texture"
        },
        "west": {
          "uv": [
            3,
            13,
            4,
            14
          ],
          "texture": "#texture"
        },
        "east": {
          "uv": [
            12,
            13,
            13,
            14
          ],
          "texture": "#texture"
        }
      }
    },
    {
      "__comment": "Bowl5",
      "from": [
        12,
        7,
        4
      ],
      "to": [
        13,
        8,
        12
      ],
      "faces": {
        "down": {
          "uv": [
            3,
            3,
            4,
            13
          ],
          "texture": "#texture"
        },
        "up": {
          "uv": [
            3,
            3,
            4,
            13
          ],
          "texture": "#texture"
        },
        "north": {
          "uv": [
            12,
            13,
            13,
            14
          ],
          "texture": "#texture"
        },
        "south": {
          "uv": [
            3,
            13,
            4,
            14
          ],
          "texture": "#texture"
        },
        "west": {
          "uv": [
            3,
            13,
            13,
            14
          ],
          "texture": "#texture"
        },
        "east": {
          "uv": [
            3,
            13,
            13,
            14
          ],
          "texture": "#texture"
        }
      }
    },
    {
      "__comment": "Bowl6",
      "from": [
        2,
        8,
        3
      ],
      "to": [
        3,
        9,
        13
      ],
      "faces": {
        "down": {
          "uv": [
            3,
            4,
            4,
            12
          ],
          "texture": "#texture"
        },
        "up": {
          "uv": [
            3,
            4,
            4,
            12
          ],
          "texture": "#texture"
        },
        "west": {
          "uv": [
            4,
            13,
            12,
            14
          ],
          "texture": "#texture"
        },
        "east": {
          "uv": [
            4,
            13,
            12,
            14
          ],
          "texture": "#texture"
        }
      }
    },
    {
      "__comment": "Bowl7",
      "from": [
        13,
        8,
        3
      ],
      "to": [
        14,
        9,
        13
      ],
      "faces": {
        "down": {
          "uv": [
            3,
            4,
            4,
            12
          ],
          "texture": "#texture"
        },
        "up": {
          "uv": [
            3,
            4,
            4,
            12
          ],
          "texture": "#texture"
        },
        "west": {
          "uv": [
            4,
            13,
            12,
            14
          ],
          "texture": "#texture"
        },
        "east": {
          "uv": [
            4,
            13,
            12,
            14
          ],
          "texture": "#texture"
        }
      }
    },
    {
      "__comment": "Bowl8",
      "from": [
        3,
        8,
        2
      ],
      "to": [
        13,
        9,
        3
      ],
      "faces": {
        "down": {
          "uv": [
            4,
            12,
            12,
            13
          ],
          "texture": "#texture"
        },
        "up": {
          "uv": [
            4,
            3,
            12,
            4
          ],
          "texture": "#texture"
        },
        "north": {
          "uv": [
            4,
            13,
            12,
            14
          ],
          "texture": "#texture"
        },
        "south": {
          "uv": [
            4,
            13,
            12,
            14
          ],
          "texture": "#texture"
        }
      }
    },
    {
      "__comment": "Bowl9",
      "from": [
        3,
        8,
        13
      ],
      "to": [
        13,
        9,
        14
      ],
      "faces": {
        "down": {
          "uv": [
            4,
            12,
            12,
            13
          ],
          "texture": "#texture"
        },
        "up": {
          "uv": [
            4,
            3,
            12,
            4
          ],
          "texture": "#texture"
        },
        "north": {
          "uv": [
            4,
            13,
            12,
            14
          ],
          "texture": "#texture"
        },
        "south": {
          "uv": [
            4,
            13,
            12,
            14
          ],
          "texture": "#texture"
        }
      }
    },
    {
      "__comment": "Bowl10",
      "from": [
        3,
        8,
        3
      ],
      "to": [
        4,
        9,
        4
      ],
      "faces": {
        "down": {
          "uv": [
            3,
            12,
            4,
            13
          ],
          "texture": "#texture"
        },
        "up": {
          "uv": [
            3,
            3,
            4,
            4
          ],
          "texture": "#texture"
        },
        "south": {
          "uv": [
            3,
            7,
            4,
            8
          ],
          "texture": "#texture"
        },
        "east": {
          "uv": [
            12,
            7,
            13,
            8
          ],
          "texture": "#texture"
        }
      }
    },
    {
      "__comment": "Bowl11",
      "from": [
        12,
        8,
        3
      ],
      "to": [
        13,
        9,
        4
      ],
      "faces": {
        "down": {
          "uv": [
            12,
            12,
            13,
            13
          ],
          "texture": "#texture"
        },
        "up": {
          "uv": [
            12,
            3,
            13,
            4
          ],
          "texture": "#texture"
        },
        "south": {
          "uv": [
            12,
            7,
            13,
            8
          ],
          "texture": "#texture"
        },
        "west": {
          "uv": [
            3,
            7,
            4,
            8
          ],
          "texture": "#texture"
        }
      }
    },
    {
      "__comment": "Bowl12",
      "from": [
        3,
        8,
        12
      ],
      "to": [
        4,
        9,
        13
      ],
      "faces": {
        "down": {
          "uv": [
            3,
            3,
            4,
            4
          ],
          "texture": "#texture"
        },
        "up": {
          "uv": [
            3,
            12,
            4,
            13
          ],
          "texture": "#texture"
        },
        "north": {
          "uv": [
            12,
            7,
            13,
            8
          ],
          "texture": "#texture"
        },
        "east": {
          "uv": [
            3,
            7,
            4,
            8
          ],
          "texture": "#texture"
        }
      }
    },
    {
      "__comment": "Bowl13",
      "from": [
        12,
        8,
        12
      ],
      "to": [
        13,
        9,
        13
      ],
      "faces": {
        "down": {
          "uv": [
            12,
            3,
            13,
            4
          ],
          "texture": "#texture"
        },
        "up": {
          "uv": [
            12,
            12,
            13,
            13
          ],
          "texture": "#texture"
        },
        "north": {
          "uv": [
            3,
            7,
            4,
            8
          ],
          "texture": "#texture"
        },
        "west": {
          "uv": [
            12,
            7,
            13,
            8
          ],
          "texture": "#texture"
        }
      }
    },
    {
      "__comment": "Bowl14",
      "from": [
        1,
        9,
        2
      ],
      "to": [
        2,
        10,
        14
      ],
      "faces": {
        "down": {
          "uv": [
            1,
            2,
            2,
            14
          ],
          "texture": "#texture"
        },
        "north": {
          "uv": [
            14,
            6,
            15,
            7
          ],
          "texture": "#texture"
        },
        "south": {
          "uv": [
            1,
            6,
            2,
            7
          ],
          "texture": "#texture"
        },
        "west": {
          "uv": [
            2,
            6,
            14,
            7
          ],
          "texture": "#texture"
        },
        "east": {
          "uv": [
            2,
            6,
            14,
            7
          ],
          "texture": "#texture"
        }
      }
    },
    {
      "__comment": "Bowl15",
      "from": [
        14,
        9,
        2
      ],
      "to": [
        15,
        10,
        14
      ],
      "faces": {
        "down": {
          "uv": [
            14,
            2,
            15,
            14
          ],
          "texture": "#texture"
        },
        "north": {
          "uv": [
            1,
            6,
            2,
            7
          ],
          "texture": "#texture"
        },
        "south": {
          "uv": [
            14,
            6,
            15,
            7
          ],
          "texture": "#texture"
        },
        "west": {
          "uv": [
            2,
            6,
            14,
            7
          ],
          "texture": "#texture"
        },
        "east": {
          "uv": [
            2,
            6,
            14,
            7
          ],
          "texture": "#texture"
        }
      }
    },
    {
      "__comment": "Bowl16",
      "from": [
        2,
        9,
        1
      ],
      "to": [
        14,
        10,
        2
      ],
      "faces": {
        "down": {
          "uv": [
            2,
            14,
            14,
            15
          ],
          "texture": "#texture"
        },
        "north": {
          "uv": [
            2,
            6,
            14,
            7
          ],
          "texture": "#texture"
        },
        "south": {
          "uv": [
            2,
            6,
            14,
            7
          ],
          "texture": "#texture"
        },
        "west": {
          "uv": [
            1,
            6,
            2,
            7
          ],
          "texture": "#texture"
        },
        "east": {
          "uv": [
            14,
            6,
            15,
            7
          ],
          "texture": "#texture"
        }
      }
    },
    {
      "__comment": "Bowl17",
      "from": [
        2,
        9,
        14
      ],
      "to": [
        14,
        10,
        15
      ],
      "faces": {
        "down": {
          "uv": [
            2,
            1,
            14,
            2
          ],
          "texture": "#texture"
        },
        "north": {
          "uv": [
            2,
            6,
            14,
            7
          ],
          "texture": "#texture"
        },
        "south": {
          "uv": [
            2,
            6,
            14,
            7
          ],
          "texture": "#texture"
        },
        "west": {
          "uv": [
            14,
            6,
            15,
            7
          ],
          "texture": "#texture"
        },
        "east": {
          "uv": [
            1,
            6,
            2,
            7
          ],
          "texture": "#texture"
        }
      }
    },
    {
      "__comment": "Bowl18",
      "from": [
        2,
        9,
        2
      ],
      "to": [
        3,
        10,
        3
      ],
      "faces": {
        "up": {
          "uv": [
            2,
            2,
            3,
            3
          ],
          "texture": "#texture"
        },
        "south": {
          "uv": [
            2,
            6,
            3,
            7
          ],
          "texture": "#texture"
        },
        "east": {
          "uv": [
            13,
            6,
            14,
            7
          ],
          "texture": "#texture"
        }
      }
    },
    {
      "__comment": "Bowl19",
      "from": [
        13,
        9,
        2
      ],
      "to": [
        14,
        10,
        3
      ],
      "faces": {
        "up": {
          "uv": [
            13,
            2,
            14,
            3
          ],
          "texture": "#texture"
        },
        "south": {
          "uv": [
            13,
            6,
            14,
            7
          ],
          "texture": "#texture"
        },
        "west": {
          "uv": [
            2,
            6,
            3,
            7
          ],
          "texture": "#texture"
        }
      }
    },
    {
      "__comment": "Bowl20",
      "from": [
        2,
        9,
        13
      ],
      "to": [
        3,
        10,
        14
      ],
      "faces": {
        "up": {
          "uv": [
            2,
            13,
            3,
            14
          ],
          "texture": "#texture"
        },
        "north": {
          "uv": [
            13,
            6,
            14,
            7
          ],
          "texture": "#texture"
        },
        "east": {
          "uv": [
            2,
            6,
            3,
            7
          ],
          "texture": "#texture"
        }
      }
    },
    {
      "__comment": "Bowl21",
      "from": [
        13,
        9,
        13
      ],
      "to": [
        14,
        10,
        14
      ],
      "faces": {
        "up": {
          "uv": [
            13,
            13,
            14,
            14
          ],
          "texture": "#texture"
        },
        "north": {
          "uv": [
            2,
            6,
            3,
            7
          ],
          "texture": "#texture"
        },
        "west": {
          "uv": [
            13,
            6,
            14,
            7
          ],
          "texture": "#texture"
        }
      }
    },
    {
      "__comment": "Bowl22",
      "from": [
        2,
        10,
        1
      ],
      "to": [
        14,
        13,
        2
      ],
      "faces": {
        "up": {
          "uv": [
            2,
            1,
            14,
            2
          ],
          "texture": "#texture"
        },
        "north": {
          "uv": [
            2,
            3,
            14,
            6
          ],
          "texture": "#texture"
        },
        "south": {
          "uv": [
            2,
            3,
            14,
            6
          ],
          "texture": "#texture"
        }
      }
    },
    {
      "__comment": "Bowl23",
      "from": [
        2,
        10,
        14
      ],
      "to": [
        14,
        13,
        15
      ],
      "faces": {
        "up": {
          "uv": [
            2,
            14,
            14,
            15
          ],
          "texture": "#texture"
        },
        "north": {
          "uv": [
            2,
            3,
            14,
            6
          ],
          "texture": "#texture"
        },
        "south": {
          "uv": [
            2,
            3,
            14,
            6
          ],
          "texture": "#texture"
        }
      }
    },
    {
      "__comment": "Bowl24",
      "from": [
        14,
        10,
        1
      ],
      "to": [
        15,
        13,
        15
      ],
      "faces": {
        "down": {
          "uv": [
            14,
            1,
            15,
            15
          ],
          "texture": "#texture"
        },
        "up": {
          "uv": [
            14,
            1,
            15,
            15
          ],
          "texture": "#texture"
        },
        "north": {
          "uv": [
            1,
            3,
            2,
            6
          ],
          "texture": "#texture"
        },
        "south": {
          "uv": [
            14,
            3,
            15,
            6
          ],
          "texture": "#texture"
        },
        "west": {
          "uv": [
            1,
            3,
            15,
            6
          ],
          "texture": "#texture"
        },
        "east": {
          "uv": [
            1,
            3,
            15,
            6
          ],
          "texture": "#texture"
        }
      }
    },
    {
      "__comment": "Bowl25",
      "from": [
        1,
        10,
        1
      ],
      "to": [
        2,
        13,
        15
      ],
      "faces": {
        "down": {
          "uv": [
            1,
            1,
            2,
            15
          ],
          "texture": "#texture"
        },
        "up": {
          "uv": [
            1,
            1,
            2,
            15
          ],
          "texture": "#texture"
        },
        "north": {
          "uv": [
            14,
            3,
            15,
            6
          ],
          "texture": "#texture"
        },
        "south": {
          "uv": [
            1,
            3,
            2,
            6
          ],
          "texture": "#texture"
        },
        "west": {
          "uv": [
            1,
            3,
            15,
            6
          ],
          "texture": "#texture"
        },
        "east": {
          "uv": [
            1,
            3,
            15,
            6
          ],
          "texture": "#texture"
        }
      }
    },
    {
      "__comment": "Bowl30",
      "from": [
        2,
        13,
        2
      ],
      "to": [
        14,
        14,
        3
      ],
      "faces": {
        "down": {
          "uv": [
            2,
            13,
            14,
            14
          ],
          "texture": "#texture"
        },
        "up": {
          "uv": [
            2,
            2,
            14,
            3
          ],
          "texture": "#texture"
        },
        "north": {
          "uv": [
            2,
            2,
            14,
            3
          ],
          "texture": "#texture"
        },
        "south": {
          "uv": [
            2,
            2,
            14,
            3
          ],
          "texture": "#texture"
        },
        "west": {
          "uv": [
            2,
            2,
            3,
            3
          ],
          "texture": "#texture"
        },
        "east": {
          "uv": [
            13,
            2,
            14,
            3
          ],
          "texture": "#texture"
        }
      }
    },
    {
      "__comment": "Bowl31",
      "from": [
        2,
        13,
        13
      ],
      "to": [
        14,
        14,
        14
      ],
      "faces": {
        "down": {
          "uv": [
            2,
            2,
            14,
            3
          ],
          "texture": "#texture"
        },
        "up": {
          "uv": [
            2,
            13,
            14,
            14
          ],
          "texture": "#texture"
        },
        "north": {
          "uv": [
            2,
            2,
            14,
            3
          ],
          "texture": "#texture"
        },
        "south": {
          "uv": [
            2,
            2,
            14,
            3
          ],
          "texture": "#texture"
        },
        "west": {
          "uv": [
            13,
            2,
            14,
            3
          ],
          "texture": "#texture"
        },
        "east": {
          "uv": [
            2,
            2,
            3,
            3
          ],
          "texture": "#texture"
        }
      }
    },
    {
      "__comment": "Bowl32",
      "from": [
        2,
        13,
        3
      ],
      "to": [
        3,
        14,
        13
      ],
      "faces": {
        "down": {
          "uv": [
            2,
            3,
            3,
            13
          ],
          "texture": "#texture"
        },
        "up": {
          "uv": [
            2,
            3,
            3,
            13
          ],
          "texture": "#texture"
        },
        "west": {
          "uv": [
            3,
            2,
            13,
            3
          ],
          "texture": "#texture"
        },
        "east": {
          "uv": [
            3,
            2,
            13,
            3
          ],
          "texture": "#texture"
        }
      }
    },
    {
      "__comment": "Bowl33",
      "from": [
        13,
        13,
        3
      ],
      "to": [
        14,
        14,
        13
      ],
      "faces": {
        "down": {
          "uv": [
            13,
            3,
            14,
            13
          ],
          "texture": "#texture"
        },
        "up": {
          "uv": [
            13,
            3,
            14,
            13
          ],
          "texture": "#texture"
        },
        "west": {
          "uv": [
            3,
            2,
            13,
            3
          ],
          "texture": "#texture"
        },
        "east": {
          "uv": [
            3,
            2,
            13,
            3
          ],
          "texture": "#texture"
        }
      }
    },
    {
      "__comment": "Foot1",
      "from": [
        2,
        0,
        2
      ],
      "to": [
        3,
        9,
        3
      ],
      "faces": {
        "down": {
          "uv": [
            2,
            13,
            3,
            14
          ],
          "texture": "#stone",
          "cullface": "down"
        },
        "north": {
          "uv": [
            13,
            7,
            14,
            16
          ],
          "texture": "#stone"
        },
        "south": {
          "uv": [
            2,
            7,
            3,
            16
          ],
          "texture": "#stone"
        },
        "west": {
          "uv": [
            2,
            7,
            3,
            16
          ],
          "texture": "#stone"
        },
        "east": {
          "uv": [
            13,
            7,
            14,
            16
          ],
          "texture": "#stone"
        }
      }
    },
    {
      "__comment": "Foot2",
      "from": [
        13,
        0,
        13
      ],
      "to": [
        14,
        9,
        14
      ],
      "faces": {
        "down": {
          "uv": [
            13,
            2,
            14,
            3
          ],
          "texture": "#stone",
          "cullface": "down"
        },
        "north": {
          "uv": [
            2,
            7,
            3,
            16
          ],
          "texture": "#stone"
        },
        "south": {
          "uv": [
            13,
            7,
            14,
            16
          ],
          "texture": "#stone"
        },
        "west": {
          "uv": [
            13,
            7,
            14,
            16
          ],
          "texture": "#stone"
        },
        "east": {
          "uv": [
            2,
            7,
            3,
            16
          ],
          "texture": "#stone"
        }
      }
    },
    {
      "__comment": "Foot3",
      "from": [
        13,
        0,
        2
      ],
      "to": [
        14,
        9,
        3
      ],
      "faces": {
        "down": {
          "uv": [
            13,
            13,
            14,
            14
          ],
          "texture": "#stone",
          "cullface": "down"
        },
        "north": {
          "uv": [
            2,
            7,
            3,
            16
          ],
          "texture": "#stone"
        },
        "south": {
          "uv": [
            13,
            7,
            14,
            16
          ],
          "texture": "#stone"
        },
        "west": {
          "uv": [
            2,
            7,
            3,
            16
          ],
          "texture": "#stone"
        },
        "east": {
          "uv": [
            13,
            7,
            14,
            16
          ],
          "texture": "#stone"
        }
      }
    },
    {
      "__comment": "Foot",
      "from": [
        2,
        0,
        13
      ],
      "to": [
        3,
        9,
        14
      ],
      "faces": {
        "down": {
          "uv": [
            2,
            2,
            3,
            3
          ],
          "texture": "#stone",
          "cullface": "down"
        },
        "north": {
          "uv": [
            13,
            7,
            14,
            16
          ],
          "texture": "#stone"
        },
        "south": {
          "uv": [
            2,
            7,
            3,
            16
          ],
          "texture": "#stone"
        },
        "west": {
          "uv": [
            13,
            7,
            14,
            16
          ],
          "texture": "#stone"
        },
        "east": {
          "uv": [
            2,
            7,
            3,
            16
          ],
          "texture": "#stone"
        }
      }
    }
  ],
  "display": {
    "thirdperson_righthand": {
      "rotation": [
        30,
        0,
        0
      ],
      "translation": [
        0,
        1.3913,
        -1.391
      ],
      "scale": [
        0.4,
        0.4,
        0.4
      ]
    },
    "thirdperson_lefthand": {
      "rotation": [
        30,
        0,
        0
      ],
      "translation": [
        0,
        1.3913,
        -1.391
      ],
      "scale": [
        0.4,
        0.4,
        0.4
      ]
    },
    "firstperson_righthand": {
      "scale": [
        0.4,
        0.4,
        0.4
      ]
    },
    "firstperson_lefthand": {
      "scale": [
        0.4,
        0.4,
        0.4
      ]
    },
    "ground": {
      "translation": [
        0,
        1,
        0
      ],
      "scale": [
        0.4,
        0.4,
        0.4
      ]
    }
  }
}