{
  "textures": {
    "particle": "block/spruce_planks",
    "wood": "block/spruce_planks",
    "book": "vampirism:block/altar_cleansing_book"
  },
  "render_type": "minecraft:cutout",
  "elements": [
    {
      "__comment": "Base",
      "from": [
        1,
        0,
        5
      ],
      "to": [
        15,
        1,
        12
      ],
      "faces": {
        "down": {
          "uv": [
            14.999,
            12.999,
            1.001,
            3.001
          ],
          "rotation": 180,
          "texture": "#wood",
          "cullface": "down"
        },
        "up": {
          "uv": [
            1.0010000467300415,
            3.000999927520752,
            14.99899959564209,
            12.99899959564209
          ],
          "rotation": 180,
          "texture": "#wood"
        },
        "north": {
          "uv": [
            1.0010000467300415,
            15.00100040435791,
            14.99899959564209,
            15.99899959564209
          ],
          "texture": "#wood"
        },
        "south": {
          "uv": [
            1.0010000467300415,
            15.00100040435791,
            14.99899959564209,
            15.99899959564209
          ],
          "texture": "#wood"
        },
        "west": {
          "uv": [
            3.000999927520752,
            15.00100040435791,
            12.99899959564209,
            15.99899959564209
          ],
          "texture": "#wood"
        },
        "east": {
          "uv": [
            3.000999927520752,
            15.00100040435791,
            12.99899959564209,
            15.99899959564209
          ],
          "texture": "#wood"
        }
      }
    },
    {
      "from": [
        7,
        1,
        7
      ],
      "to": [
        9,
        11,
        11
      ],
      "faces": {
        "up": {
          "uv": [
            7.063499927520752,
            5.000999927520752,
            9.0614995956420898,
            8.9989995956420898
          ],
          "rotation": 180,
          "texture": "#wood"
        },
        "north": {
          "uv": [
            7.063499927520752,
            5.000999927520752,
            9.0614995956420898,
            14.99899959564209
          ],
          "texture": "#wood"
        },
        "south": {
          "uv": [
            6.938499927520752,
            5.000999927520752,
            8.9364995956420898,
            14.99899959564209
          ],
          "texture": "#wood"
        },
        "west": {
          "uv": [
            12.00100040435791,
            0.0010000000474974513,
            15.99899959564209,
            9.9989995956420898
          ],
          "texture": "#wood"
        },
        "east": {
          "uv": [
            12.00100040435791,
            0.0010000000474974513,
            15.99899959564209,
            9.9989995956420898
          ],
          "texture": "#wood"
        }
      }
    },
    {
      "from": [
        1,
        8.5,
        2.5
      ],
      "to": [
        15,
        9.5,
        13.5
      ],
      "rotation": {
        "origin": [
          1,
          9.5,
          2.5
        ],
        "axis": "x",
        "angle": -22.5
      },
      "faces": {
        "down": {
          "uv": [
            14.999,
            13.999,
            1.001,
            2.001
          ],
          "rotation": 180,
          "texture": "#wood"
        },
        "up": {
          "uv": [
            1.0010000467300415,
            2.000999927520752,
            14.99899959564209,
            13.99899959564209
          ],
          "rotation": 180,
          "texture": "#wood"
        },
        "north": {
          "uv": [
            1.0010000467300415,
            4.000999927520752,
            14.99899959564209,
            4.999000072479248
          ],
          "texture": "#wood"
        },
        "south": {
          "uv": [
            1.0010000467300415,
            4.000999927520752,
            14.99899959564209,
            4.999000072479248
          ],
          "texture": "#wood"
        },
        "west": {
          "uv": [
            2.000999927520752,
            4.000999927520752,
            13.99899959564209,
            4.999000072479248
          ],
          "texture": "#wood"
        },
        "east": {
          "uv": [
            2.000999927520752,
            4.000999927520752,
            13.99899959564209,
            4.999000072479248
          ],
          "texture": "#wood"
        }
      }
    },
    {
      "from": [
        7,
        11,
        9.5
      ],
      "to": [
        9,
        12,
        11
      ],
      "faces": {
        "down": {
          "uv": [
            8.999,
            6.499,
            7.001,
            5.001
          ],
          "rotation": 180,
          "texture": "#wood"
        },
        "up": {
          "uv": [
            7.000999927520752,
            5.000999927520752,
            8.9989995956420898,
            6.499000072479248
          ],
          "rotation": 180,
          "texture": "#wood"
        },
        "north": {
          "uv": [
            7.000999927520752,
            4.000999927520752,
            8.9989995956420898,
            4.999000072479248
          ],
          "texture": "#wood"
        },
        "south": {
          "uv": [
            7.000999927520752,
            4.000999927520752,
            8.9989995956420898,
            4.999000072479248
          ],
          "texture": "#wood"
        },
        "west": {
          "uv": [
            9.5010004043579102,
            4.000999927520752,
            10.99899959564209,
            4.999000072479248
          ],
          "texture": "#wood"
        },
        "east": {
          "uv": [
            5.000999927520752,
            4.000999927520752,
            6.499000072479248,
            4.999000072479248
          ],
          "texture": "#wood"
        }
      }
    },
    {
      "from": [
        3,
        10.5,
        4.5
      ],
      "to": [
        13,
        11.5,
        11.5
      ],
      "rotation": {
        "origin": [
          3,
          11.5,
          4.5
        ],
        "axis": "x",
        "angle": -22.5
      },
      "faces": {
        "up": {
          "uv": [
            0,
            0,
            10,
            7
          ],
          "texture": "#book"
        },
        "north": {
          "uv": [
            0,
            7,
            10,
            8
          ],
          "texture": "#book"
        },
        "south": {
          "uv": [
            0,
            13,
            10,
            14
          ],
          "texture": "#book"
        },
        "west": {
          "uv": [
            0,
            7,
            1,
            14
          ],
          "texture": "#book"
        },
        "east": {
          "uv": [
            9,
            7,
            10,
            14
          ],
          "texture": "#book"
        }
      }
    }
  ],
  "display": {
    "thirdperson_righthand": {
      "rotation": [
        41,
        180,
        0
      ],
      "translation": [
        0,
        2.08,
        2.08
      ],
      "scale": [
        0.4,
        0.4,
        0.4
      ]
    },
    "thirdperson_lefthand": {
      "rotation": [
        41,
        180,
        0
      ],
      "translation": [
        0,
        2.08,
        2.08
      ],
      "scale": [
        0.4,
        0.4,
        0.4
      ]
    },
    "ground": {
      "rotation": [
        0,
        0,
        0
      ],
      "translation": [
        0,
        0,
        0
      ],
      "scale": [
        0.3,
        0.3,
        0.3
      ]
    },
    "fixed": {
      "rotation": [
        0,
        0,
        0
      ],
      "translation": [
        0,
        0,
        -3.78
      ],
      "scale": [
        0.5,
        0.5,
        0.5
      ]
    },
    "firstperson_righthand": {
      "rotation": [
        0,
        150,
        0
      ],
      "translation": [
        3.97,
        -0.76,
        -5.29
      ],
      "scale": [
        0.7,
        0.7,
        0.4
      ]
    },
    "firstperson_lefthand": {
      "rotation": [
        0,
        150,
        0
      ],
      "translation": [
        3.97,
        -0.76,
        -5.29
      ],
      "scale": [
        0.7,
        0.7,
        0.4
      ]
    },
    "gui": {
      "rotation": [
        30,
        150,
        -1
      ],
      "translation": [
        0,
        0,
        0
      ],
      "scale": [
        0.6,
        0.6,
        0.6
      ]
    }
  }
}