{
  "__comment": "Designed by Maxanier",
  "textures": {
    "particle": "vampirism:block/blood_sieve",
    "texture": "vampirism:block/blood_sieve",
    "top": "vampirism:block/blood_sieve_top",
    "bottom": "vampirism:block/blood_sieve_bottom",
    "filter": "vampirism:block/blood_sieve_filter"
  },
  "render_type": "minecraft:cutout",
  "elements": [
    {
      "__comment": "Box1",
      "from": [
        1,
        0,
        1
      ],
      "to": [
        15,
        1,
        15
      ],
      "faces": {
        "down": {
          "uv": [
            1,
            1,
            15,
            15
          ],
          "texture": "#bottom",
          "cullface": "down"
        },
        "up": {
          "uv": [
            1,
            1,
            15,
            15
          ],
          "texture": "#texture"
        },
        "north": {
          "uv": [
            1,
            15,
            15,
            16
          ],
          "texture": "#texture"
        },
        "south": {
          "uv": [
            1,
            15,
            15,
            16
          ],
          "texture": "#texture"
        },
        "west": {
          "uv": [
            1,
            15,
            15,
            16
          ],
          "texture": "#texture"
        },
        "east": {
          "uv": [
            1,
            15,
            15,
            16
          ],
          "texture": "#texture"
        }
      }
    },
    {
      "__comment": "Box2",
      "from": [
        2,
        1,
        2
      ],
      "to": [
        14,
        2,
        14
      ],
      "faces": {
        "up": {
          "uv": [
            2,
            2,
            14,
            14
          ],
          "texture": "#texture"
        },
        "north": {
          "uv": [
            2,
            14,
            14,
            15
          ],
          "texture": "#texture"
        },
        "south": {
          "uv": [
            2,
            14,
            14,
            15
          ],
          "texture": "#texture"
        },
        "west": {
          "uv": [
            2,
            14,
            14,
            15
          ],
          "texture": "#texture"
        },
        "east": {
          "uv": [
            2,
            14,
            14,
            15
          ],
          "texture": "#texture"
        }
      }
    },
    {
      "__comment": "Box3",
      "from": [
        5,
        2,
        5
      ],
      "to": [
        11,
        6,
        11
      ],
      "faces": {
        "north": {
          "uv": [
            5,
            10,
            11,
            14
          ],
          "texture": "#texture"
        },
        "south": {
          "uv": [
            5,
            10,
            11,
            14
          ],
          "texture": "#texture"
        },
        "west": {
          "uv": [
            5,
            10,
            11,
            14
          ],
          "texture": "#texture"
        },
        "east": {
          "uv": [
            5,
            10,
            11,
            14
          ],
          "texture": "#texture"
        }
      }
    },
    {
      "__comment": "Box4",
      "from": [
        3,
        6,
        3
      ],
      "to": [
        13,
        9,
        13
      ],
      "faces": {
        "down": {
          "uv": [
            3,
            3,
            13,
            13
          ],
          "texture": "#texture"
        },
        "up": {
          "uv": [
            3,
            3,
            13,
            13
          ],
          "texture": "#texture"
        },
        "north": {
          "uv": [
            3,
            7,
            13,
            10
          ],
          "texture": "#filter"
        },
        "south": {
          "uv": [
            3,
            7,
            13,
            10
          ],
          "texture": "#filter"
        },
        "west": {
          "uv": [
            3,
            7,
            13,
            10
          ],
          "texture": "#filter"
        },
        "east": {
          "uv": [
            3,
            7,
            13,
            10
          ],
          "texture": "#filter"
        }
      }
    },
    {
      "__comment": "Box5",
      "from": [
        5,
        9,
        5
      ],
      "to": [
        11,
        12,
        11
      ],
      "faces": {
        "north": {
          "uv": [
            5,
            4,
            11,
            7
          ],
          "texture": "#texture"
        },
        "south": {
          "uv": [
            5,
            4,
            11,
            7
          ],
          "texture": "#texture"
        },
        "west": {
          "uv": [
            5,
            4,
            11,
            7
          ],
          "texture": "#texture"
        },
        "east": {
          "uv": [
            5,
            4,
            11,
            7
          ],
          "texture": "#texture"
        }
      }
    },
    {
      "__comment": "Box6",
      "from": [
        0,
        14,
        0
      ],
      "to": [
        1,
        16,
        16
      ],
      "faces": {
        "down": {
          "uv": [
            0,
            0,
            1,
            16
          ],
          "texture": "#texture"
        },
        "up": {
          "uv": [
            0,
            0,
            1,
            16
          ],
          "texture": "#texture",
          "cullface": "up"
        },
        "north": {
          "uv": [
            15,
            0,
            16,
            2
          ],
          "texture": "#texture",
          "cullface": "north"
        },
        "south": {
          "uv": [
            0,
            0,
            1,
            2
          ],
          "texture": "#texture",
          "cullface": "south"
        },
        "west": {
          "uv": [
            0,
            0,
            16,
            2
          ],
          "texture": "#texture",
          "cullface": "west"
        },
        "east": {
          "uv": [
            0,
            0,
            16,
            2
          ],
          "texture": "#texture"
        }
      }
    },
    {
      "__comment": "Box7",
      "from": [
        1,
        14,
        0
      ],
      "to": [
        15,
        16,
        1
      ],
      "faces": {
        "down": {
          "uv": [
            1,
            15,
            15,
            16
          ],
          "texture": "#texture"
        },
        "up": {
          "uv": [
            1,
            0,
            15,
            1
          ],
          "texture": "#texture",
          "cullface": "up"
        },
        "north": {
          "uv": [
            1,
            0,
            15,
            2
          ],
          "texture": "#texture",
          "cullface": "north"
        },
        "south": {
          "uv": [
            1,
            0,
            15,
            2
          ],
          "texture": "#texture"
        }
      }
    },
    {
      "__comment": "Box8",
      "from": [
        15,
        14,
        0
      ],
      "to": [
        16,
        16,
        16
      ],
      "faces": {
        "down": {
          "uv": [
            15,
            0,
            16,
            16
          ],
          "texture": "#texture"
        },
        "up": {
          "uv": [
            15,
            0,
            16,
            16
          ],
          "texture": "#texture",
          "cullface": "up"
        },
        "north": {
          "uv": [
            0,
            0,
            1,
            2
          ],
          "texture": "#texture",
          "cullface": "north"
        },
        "south": {
          "uv": [
            15,
            0,
            16,
            2
          ],
          "texture": "#texture",
          "cullface": "south"
        },
        "west": {
          "uv": [
            0,
            0,
            16,
            2
          ],
          "texture": "#texture"
        },
        "east": {
          "uv": [
            0,
            0,
            16,
            2
          ],
          "texture": "#texture",
          "cullface": "east"
        }
      }
    },
    {
      "__comment": "Box9",
      "from": [
        1,
        14,
        15
      ],
      "to": [
        15,
        16,
        16
      ],
      "faces": {
        "down": {
          "uv": [
            1,
            0,
            15,
            1
          ],
          "texture": "#texture"
        },
        "up": {
          "uv": [
            1,
            15,
            15,
            16
          ],
          "texture": "#texture",
          "cullface": "up"
        },
        "north": {
          "uv": [
            1,
            0,
            15,
            2
          ],
          "texture": "#texture"
        },
        "south": {
          "uv": [
            1,
            0,
            15,
            2
          ],
          "texture": "#texture",
          "cullface": "south"
        }
      }
    },
    {
      "__comment": "Box10",
      "from": [
        1,
        12,
        1
      ],
      "to": [
        15,
        15.5,
        15
      ],
      "faces": {
        "down": {
          "uv": [
            0,
            0,
            16,
            16
          ],
          "texture": "#texture"
        },
        "up": {
          "uv": [
            0,
            0,
            16,
            16
          ],
          "texture": "#top"
        },
        "north": {
          "uv": [
            0,
            0,
            16,
            16
          ],
          "texture": "#texture"
        },
        "south": {
          "uv": [
            0,
            0,
            16,
            16
          ],
          "texture": "#texture"
        },
        "west": {
          "uv": [
            0,
            0,
            16,
            16
          ],
          "texture": "#texture"
        },
        "east": {
          "uv": [
            0,
            0,
            16,
            16
          ],
          "texture": "#texture"
        }
      }
    }
  ],
  "display": {
    "thirdperson_righthand": {
      "rotation": [
        46,
        54,
        -8
      ],
      "translation": [
        0,
        2.5,
        2.0869
      ],
      "scale": [
        0.375,
        0.375,
        0.375
      ]
    },
    "thirdperson_lefthand": {
      "rotation": [
        46,
        54,
        8
      ],
      "translation": [
        0,
        3.8913,
        2.7825
      ],
      "scale": [
        0.375,
        0.375,
        0.375
      ]
    },
    "firstperson_righthand": {
      "rotation": [
        13,
        45,
        6
      ],
      "scale": [
        0.4,
        0.4,
        0.4
      ]
    },
    "firstperson_lefthand": {
      "rotation": [
        14,
        40,
        0
      ],
      "scale": [
        0.4,
        0.4,
        0.4
      ]
    },
    "gui": {
      "rotation": [
        30,
        225,
        0
      ],
      "scale": [
        0.625,
        0.625,
        0.625
      ]
    },
    "ground": {
      "translation": [
        0,
        3,
        0
      ],
      "scale": [
        0.25,
        0.25,
        0.25
      ]
    },
    "fixed": {
      "scale": [
        0.5,
        0.5,
        0.5
      ]
    }
  }
}