{
	"credit": "Made with Blockbench",
	"textures": {
		"0": "block/campfire_fire",
		"1": "block/gold_block",
		"3": "block/mushroom_stem",
		"4": "block/black_wool",
		"5": "vampirism:block/dark_steel",
		"particle": "vampirism:block/dark_steel"
	},
	"render_type": "minecraft:cutout",
	"elements": [
		{
			"name": "base1",
			"from": [6, 0, 6],
			"to": [10, 1, 10],
			"rotation": {"angle": 0, "axis": "y", "origin": [15, 8, 15]},
			"faces": {
				"north": {"uv": [1, 9, 5, 10], "texture": "#5"},
				"east": {"uv": [4, 5, 8, 6], "texture": "#5"},
				"south": {"uv": [6, 5, 10, 6], "texture": "#5"},
				"west": {"uv": [6, 1, 10, 2], "texture": "#5"},
				"up": {"uv": [6, 5, 10, 9], "texture": "#5"},
				"down": {"uv": [12, 12, 16, 16], "texture": "#5"}
			}
		},
		{
			"name": "base2",
			"from": [6.5, 1, 6.5],
			"to": [9.5, 2, 9.5],
			"rotation": {"angle": 0, "axis": "y", "origin": [14.75, 9, 14.75]},
			"faces": {
				"north": {"uv": [0, 0, 3, 1], "texture": "#5"},
				"east": {"uv": [3, 0, 6, 1], "texture": "#5"},
				"south": {"uv": [9, 0, 12, 1], "texture": "#5"},
				"west": {"uv": [12, 0, 15, 1], "texture": "#5"},
				"up": {"uv": [7, 5, 10, 8], "texture": "#5"}
			}
		},
		{
			"name": "base3",
			"from": [7, 2, 7],
			"to": [9, 9, 9],
			"rotation": {"angle": 0, "axis": "y", "origin": [15, 10, 15]},
			"faces": {
				"north": {"uv": [0, 0, 2, 7], "texture": "#5"},
				"east": {"uv": [2, 0, 4, 7], "texture": "#5"},
				"south": {"uv": [4, 0, 6, 7], "texture": "#5"},
				"west": {"uv": [7, 0, 9, 7], "texture": "#5"}
			}
		},
		{
			"name": "arm1",
			"from": [9, 4, 7],
			"to": [14, 6, 9],
			"faces": {
				"north": {"uv": [10, 0, 15, 2], "texture": "#5"},
				"east": {"uv": [7, 1, 9, 3], "texture": "#5"},
				"south": {"uv": [2, 0, 7, 2], "texture": "#5"},
				"west": {"uv": [0, 0, 2, 2], "texture": "#5"},
				"up": {"uv": [0, 0, 5, 2], "texture": "#5"},
				"down": {"uv": [0, 0, 5, 2], "texture": "#5"}
			}
		},
		{
			"name": "arm1a",
			"from": [12, 6, 7],
			"to": [14, 7, 9],
			"faces": {
				"north": {"uv": [5, 0, 7, 1], "texture": "#5"},
				"east": {"uv": [3, 0, 5, 1], "texture": "#5"},
				"south": {"uv": [13, 1, 15, 2], "texture": "#5"},
				"west": {"uv": [11, 0, 13, 1], "texture": "#5"}
			}
		},
		{
			"name": "arm2",
			"from": [2, 4, 7],
			"to": [7, 6, 9],
			"rotation": {"angle": 0, "axis": "x", "origin": [4, 5, 8]},
			"faces": {
				"north": {"uv": [0, 0, 5, 2], "texture": "#5"},
				"east": {"uv": [0, 0, 2, 2], "rotation": 270, "texture": "#5"},
				"south": {"uv": [0, 0, 5, 2], "rotation": 180, "texture": "#5"},
				"west": {"uv": [7, 1, 9, 3], "rotation": 90, "texture": "#5"},
				"up": {"uv": [2, 0, 7, 2], "rotation": 180, "texture": "#5"},
				"down": {"uv": [10, 0, 15, 2], "texture": "#5"}
			}
		},
		{
			"name": "arm2a",
			"from": [2, 6, 7],
			"to": [4, 7, 9],
			"faces": {
				"north": {"uv": [5, 0, 7, 1], "texture": "#5"},
				"east": {"uv": [3, 0, 5, 1], "texture": "#5"},
				"south": {"uv": [13, 1, 15, 2], "texture": "#5"},
				"west": {"uv": [11, 0, 13, 1], "texture": "#5"}
			}
		},
		{
			"name": "wachs",
			"from": [7, 10, 7],
			"to": [9, 14, 9],
			"rotation": {"angle": 0, "axis": "y", "origin": [15, 18, 15]},
			"faces": {
				"north": {"uv": [0, 0, 2, 4], "texture": "#3"},
				"east": {"uv": [2, 0, 4, 4], "texture": "#3"},
				"south": {"uv": [4, 0, 6, 4], "texture": "#3"},
				"west": {"uv": [6, 0, 8, 4], "texture": "#3"},
				"up": {"uv": [10, 8, 12, 10], "texture": "#3"}
			}
		},
		{
			"name": "pin",
			"from": [7.95, 13.75, 7.92071],
			"to": [8.05, 14.35, 8.02071],
			"rotation": {"angle": 45, "axis": "y", "origin": [8, 14.25, 7.97071]},
			"faces": {
				"north": {"uv": [0, 0, 0.1, 0.6], "texture": "#4"},
				"east": {"uv": [0, 0, 0.1, 0.6], "texture": "#4"},
				"south": {"uv": [0, 0, 0.1, 0.6], "texture": "#4"},
				"west": {"uv": [0, 0, 0.1, 0.6], "texture": "#4"},
				"up": {"uv": [0, 0, 0.1, 0.1], "texture": "#4"}
			}
		},
		{
			"from": [7.9, 14.3, 7.61],
			"to": [7.9, 15.8, 9.11],
			"rotation": {"angle": -45, "axis": "y", "origin": [8.4, 14.8, 8.3]},
			"faces": {
				"east": {"uv": [0, 0, 16, 16], "texture": "#0"},
				"west": {"uv": [0, 0, 16, 16], "texture": "#0"}
			}
		},
		{
			"from": [8.00402, 14.3, 7.23887],
			"to": [8.00402, 15.8, 8.73887],
			"rotation": {"angle": 45, "axis": "y", "origin": [8.00402, 14.8, 7.98887]},
			"faces": {
				"east": {"uv": [0, 0, 16, 16], "texture": "#0"},
				"west": {"uv": [0, 0, 16, 16], "texture": "#0"}
			}
		},
		{
			"name": "ring",
			"from": [6.5, 9, 6.5],
			"to": [9.5, 10, 9.5],
			"rotation": {"angle": 0, "axis": "y", "origin": [15, 17, 15]},
			"faces": {
				"north": {"uv": [1, 4, 4, 5], "texture": "#1"},
				"east": {"uv": [4, 4, 7, 5], "texture": "#1"},
				"south": {"uv": [7, 4, 10, 5], "texture": "#1"},
				"west": {"uv": [10, 4, 13, 5], "texture": "#1"},
				"up": {"uv": [6, 6, 9, 9], "texture": "#1"},
				"down": {"uv": [6, 6, 9, 9], "texture": "#1"}
			}
		},
		{
			"name": "wachs",
			"from": [2, 8, 7],
			"to": [4, 12, 9],
			"rotation": {"angle": 0, "axis": "y", "origin": [10, 16, 15]},
			"faces": {
				"north": {"uv": [0, 0, 2, 4], "texture": "#3"},
				"east": {"uv": [2, 0, 4, 4], "texture": "#3"},
				"south": {"uv": [4, 0, 6, 4], "texture": "#3"},
				"west": {"uv": [6, 0, 8, 4], "texture": "#3"},
				"up": {"uv": [10, 8, 12, 10], "texture": "#3"}
			}
		},
		{
			"name": "pin",
			"from": [2.95, 11.75, 7.92071],
			"to": [3.05, 12.35, 8.02071],
			"rotation": {"angle": 45, "axis": "y", "origin": [3, 12.25, 7.97071]},
			"faces": {
				"north": {"uv": [0, 0, 0.1, 0.6], "texture": "#4"},
				"east": {"uv": [0, 0, 0.1, 0.6], "texture": "#4"},
				"south": {"uv": [0, 0, 0.1, 0.6], "texture": "#4"},
				"west": {"uv": [0, 0, 0.1, 0.6], "texture": "#4"},
				"up": {"uv": [0, 0, 0.1, 0.1], "texture": "#4"}
			}
		},
		{
			"from": [2.9, 12.3, 7.61],
			"to": [2.9, 13.8, 9.11],
			"rotation": {"angle": -45, "axis": "y", "origin": [3.4, 12.8, 8.3]},
			"faces": {
				"east": {"uv": [0, 0, 16, 16], "texture": "#0"},
				"west": {"uv": [0, 0, 16, 16], "texture": "#0"}
			}
		},
		{
			"from": [3.00402, 12.3, 7.23887],
			"to": [3.00402, 13.8, 8.73887],
			"rotation": {"angle": 45, "axis": "y", "origin": [3.00402, 12.8, 7.98887]},
			"faces": {
				"east": {"uv": [0, 0, 16, 16], "texture": "#0"},
				"west": {"uv": [0, 0, 16, 16], "texture": "#0"}
			}
		},
		{
			"name": "ring",
			"from": [1.5, 7, 6.5],
			"to": [4.5, 8, 9.5],
			"rotation": {"angle": 0, "axis": "y", "origin": [16, 17, 15]},
			"faces": {
				"north": {"uv": [1, 4, 4, 5], "texture": "#1"},
				"east": {"uv": [4, 4, 7, 5], "texture": "#1"},
				"south": {"uv": [7, 4, 10, 5], "texture": "#1"},
				"west": {"uv": [10, 4, 13, 5], "texture": "#1"},
				"up": {"uv": [6, 6, 9, 9], "texture": "#1"},
				"down": {"uv": [6, 6, 9, 9], "texture": "#1"}
			}
		},
		{
			"name": "wachs",
			"from": [12, 8, 7],
			"to": [14, 12, 9],
			"rotation": {"angle": 0, "axis": "y", "origin": [20, 16, 15]},
			"faces": {
				"north": {"uv": [0, 0, 2, 4], "texture": "#3"},
				"east": {"uv": [2, 0, 4, 4], "texture": "#3"},
				"south": {"uv": [4, 0, 6, 4], "texture": "#3"},
				"west": {"uv": [6, 0, 8, 4], "texture": "#3"},
				"up": {"uv": [10, 8, 12, 10], "texture": "#3"}
			}
		},
		{
			"name": "pin",
			"from": [12.95, 11.75, 7.92071],
			"to": [13.05, 12.35, 8.02071],
			"rotation": {"angle": 45, "axis": "y", "origin": [13, 12.25, 7.97071]},
			"faces": {
				"north": {"uv": [0, 0, 0.1, 0.6], "texture": "#4"},
				"east": {"uv": [0, 0, 0.1, 0.6], "texture": "#4"},
				"south": {"uv": [0, 0, 0.1, 0.6], "texture": "#4"},
				"west": {"uv": [0, 0, 0.1, 0.6], "texture": "#4"},
				"up": {"uv": [0, 0, 0.1, 0.1], "texture": "#4"}
			}
		},
		{
			"from": [12.9, 12.3, 7.61],
			"to": [12.9, 13.8, 9.11],
			"rotation": {"angle": -45, "axis": "y", "origin": [13.4, 12.8, 8.3]},
			"faces": {
				"east": {"uv": [0, 0, 16, 16], "texture": "#0"},
				"west": {"uv": [0, 0, 16, 16], "texture": "#0"}
			}
		},
		{
			"from": [13.00402, 12.3, 7.23887],
			"to": [13.00402, 13.8, 8.73887],
			"rotation": {"angle": 45, "axis": "y", "origin": [13.00402, 12.8, 7.98887]},
			"faces": {
				"east": {"uv": [0, 0, 16, 16], "texture": "#0"},
				"west": {"uv": [0, 0, 16, 16], "texture": "#0"}
			}
		},
		{
			"name": "ring",
			"from": [11.5, 7, 6.5],
			"to": [14.5, 8, 9.5],
			"rotation": {"angle": 0, "axis": "y", "origin": [14, 17, 15]},
			"faces": {
				"north": {"uv": [1, 4, 4, 5], "texture": "#1"},
				"east": {"uv": [4, 4, 7, 5], "texture": "#1"},
				"south": {"uv": [7, 4, 10, 5], "texture": "#1"},
				"west": {"uv": [10, 4, 13, 5], "texture": "#1"},
				"up": {"uv": [6, 6, 9, 9], "texture": "#1"},
				"down": {"uv": [6, 6, 9, 9], "texture": "#1"}
			}
		}
	],
	"display": {
		"thirdperson_righthand": {
			"rotation": [27, 45, 0],
			"translation": [0, 2.5, 1],
			"scale": [0.375, 0.375, 0.375]
		},
		"thirdperson_lefthand": {
			"rotation": [17, 45, 0],
			"translation": [0, 2.5, 1],
			"scale": [0.375, 0.375, 0.375]
		},
		"firstperson_righthand": {
			"rotation": [0, 116, -7],
			"translation": [0, 1, 0.25],
			"scale": [0.4, 0.4, 0.4]
		},
		"firstperson_lefthand": {
			"rotation": [0, 98, 0],
			"translation": [0, 1, 0.25],
			"scale": [0.4, 0.4, 0.4]
		},
		"ground": {
			"translation": [0, -0.75, 0],
			"scale": [0.25, 0.25, 0.25]
		},
		"gui": {
			"rotation": [30, 28, 0],
			"scale": [0.825, 0.825, 0.825]
		},
		"head": {
			"translation": [0, 13, 0]
		},
		"fixed": {
			"scale": [0.9, 0.9, 0.9]
		}
	},
	"groups": [0, 1, 2, 3, 4, 5, 6,
		{
			"name": "candle1",
			"origin": [15, 18, 15],
			"children": [7, 8, 9, 10, 11]
		},
		{
			"name": "candle2",
			"origin": [15, 18, 15],
			"children": [12, 13, 14, 15, 16]
		},
		{
			"name": "candle3",
			"origin": [15, 18, 15],
			"children": [17, 18, 19, 20, 21]
		}
	]
}