{
	"credit": "Made by 1LiterZinalco",
	"textures": {
		"0": "block/campfire_fire",
		"1": "block/gold_block",
		"3": "block/mushroom_stem",
		"4": "block/black_wool",
		"5": "vampirism:block/dark_steel",
		"particle": "vampirism:block/dark_steel"
	},
	"render_type": "minecraft:cutout",
	"elements": [
		{
			"name": "base1",
			"from": [6, 1, 15],
			"to": [10, 5, 16],
			"rotation": {"angle": 0, "axis": "x", "origin": [8, 0.5, 8]},
			"faces": {
				"north": {"uv": [6, 5, 10, 9], "rotation": 180, "texture": "#5"},
				"east": {"uv": [4, 5, 8, 6], "rotation": 90, "texture": "#5"},
				"south": {"uv": [12, 12, 16, 16], "texture": "#5"},
				"west": {"uv": [6, 1, 10, 2], "rotation": 270, "texture": "#5"},
				"up": {"uv": [6, 5, 10, 6], "texture": "#5"},
				"down": {"uv": [1, 9, 5, 10], "rotation": 180, "texture": "#5"}
			}
		},
		{
			"name": "base2",
			"from": [6.5, 1.5, 14],
			"to": [9.5, 4.5, 15],
			"rotation": {"angle": 0, "axis": "x", "origin": [8, 1.5, 8]},
			"faces": {
				"north": {"uv": [7, 5, 10, 8], "rotation": 180, "texture": "#5"},
				"east": {"uv": [3, 0, 6, 1], "rotation": 90, "texture": "#5"},
				"west": {"uv": [12, 0, 15, 1], "rotation": 270, "texture": "#5"},
				"up": {"uv": [9, 0, 12, 1], "texture": "#5"},
				"down": {"uv": [0, 0, 3, 1], "rotation": 180, "texture": "#5"}
			}
		},
		{
			"name": "base3",
			"from": [7, 2, 12],
			"to": [9, 9, 14],
			"rotation": {"angle": 0, "axis": "y", "origin": [15, 10, 20]},
			"faces": {
				"north": {"uv": [0, 0, 2, 7], "texture": "#5"},
				"east": {"uv": [2, 0, 4, 7], "texture": "#5"},
				"south": {"uv": [4, 0, 6, 7], "texture": "#5"},
				"west": {"uv": [7, 0, 9, 7], "texture": "#5"},
				"down": {"uv": [0, 0, 2, 2], "texture": "#5"}
			}
		},
		{
			"name": "arm1",
			"from": [9, 4, 12],
			"to": [14, 6, 14],
			"rotation": {"angle": 0, "axis": "y", "origin": [0, 0, 5]},
			"faces": {
				"north": {"uv": [10, 0, 15, 2], "texture": "#5"},
				"east": {"uv": [7, 1, 9, 3], "texture": "#5"},
				"south": {"uv": [2, 0, 7, 2], "texture": "#5"},
				"west": {"uv": [0, 0, 2, 2], "texture": "#5"},
				"up": {"uv": [0, 0, 5, 2], "texture": "#5"},
				"down": {"uv": [0, 0, 5, 2], "texture": "#5"}
			}
		},
		{
			"name": "arm1a",
			"from": [12, 6, 12],
			"to": [14, 7, 14],
			"rotation": {"angle": 0, "axis": "y", "origin": [0, 0, 5]},
			"faces": {
				"north": {"uv": [5, 0, 7, 1], "texture": "#5"},
				"east": {"uv": [3, 0, 5, 1], "texture": "#5"},
				"south": {"uv": [13, 1, 15, 2], "texture": "#5"},
				"west": {"uv": [11, 0, 13, 1], "texture": "#5"}
			}
		},
		{
			"name": "arm2",
			"from": [2, 4, 12],
			"to": [7, 6, 14],
			"rotation": {"angle": 0, "axis": "x", "origin": [4, 5, 13]},
			"faces": {
				"north": {"uv": [0, 0, 5, 2], "texture": "#5"},
				"east": {"uv": [0, 0, 2, 2], "rotation": 270, "texture": "#5"},
				"south": {"uv": [0, 0, 5, 2], "rotation": 180, "texture": "#5"},
				"west": {"uv": [7, 1, 9, 3], "rotation": 90, "texture": "#5"},
				"up": {"uv": [2, 0, 7, 2], "rotation": 180, "texture": "#5"},
				"down": {"uv": [10, 0, 15, 2], "texture": "#5"}
			}
		},
		{
			"name": "arm2a",
			"from": [2, 6, 12],
			"to": [4, 7, 14],
			"rotation": {"angle": 0, "axis": "y", "origin": [0, 0, 5]},
			"faces": {
				"north": {"uv": [5, 0, 7, 1], "texture": "#5"},
				"east": {"uv": [3, 0, 5, 1], "texture": "#5"},
				"south": {"uv": [13, 1, 15, 2], "texture": "#5"},
				"west": {"uv": [11, 0, 13, 1], "texture": "#5"}
			}
		},
		{
			"name": "wachs",
			"from": [7, 10, 12],
			"to": [9, 14, 14],
			"rotation": {"angle": 0, "axis": "y", "origin": [15, 18, 20]},
			"faces": {
				"north": {"uv": [0, 0, 2, 4], "texture": "#3"},
				"east": {"uv": [2, 0, 4, 4], "texture": "#3"},
				"south": {"uv": [4, 0, 6, 4], "texture": "#3"},
				"west": {"uv": [6, 0, 8, 4], "texture": "#3"},
				"up": {"uv": [10, 8, 12, 10], "texture": "#3"}
			}
		},
		{
			"name": "pin",
			"from": [7.95, 13.75, 12.92071],
			"to": [8.05, 14.35, 13.02071],
			"rotation": {"angle": 45, "axis": "y", "origin": [8, 14.25, 12.97071]},
			"faces": {
				"north": {"uv": [0, 0, 0.1, 0.6], "texture": "#4"},
				"east": {"uv": [0, 0, 0.1, 0.6], "texture": "#4"},
				"south": {"uv": [0, 0, 0.1, 0.6], "texture": "#4"},
				"west": {"uv": [0, 0, 0.1, 0.6], "texture": "#4"},
				"up": {"uv": [0, 0, 0.1, 0.1], "texture": "#4"}
			}
		},
		{
			"from": [7.9, 14.3, 12.61],
			"to": [7.9, 15.8, 14.11],
			"rotation": {"angle": -45, "axis": "y", "origin": [8.4, 14.8, 13.3]},
			"faces": {
				"east": {"uv": [0, 0, 16, 16], "texture": "#0"},
				"west": {"uv": [0, 0, 16, 16], "texture": "#0"}
			}
		},
		{
			"from": [8.00402, 14.3, 12.23887],
			"to": [8.00402, 15.8, 13.73887],
			"rotation": {"angle": 45, "axis": "y", "origin": [8.00402, 14.8, 12.98887]},
			"faces": {
				"east": {"uv": [0, 0, 16, 16], "texture": "#0"},
				"west": {"uv": [0, 0, 16, 16], "texture": "#0"}
			}
		},
		{
			"name": "ring",
			"from": [6.5, 9, 11.5],
			"to": [9.5, 10, 14.5],
			"rotation": {"angle": 0, "axis": "y", "origin": [15, 17, 20]},
			"faces": {
				"north": {"uv": [1, 4, 4, 5], "texture": "#1"},
				"east": {"uv": [4, 4, 7, 5], "texture": "#1"},
				"south": {"uv": [7, 4, 10, 5], "texture": "#1"},
				"west": {"uv": [10, 4, 13, 5], "texture": "#1"},
				"up": {"uv": [6, 6, 9, 9], "texture": "#1"},
				"down": {"uv": [6, 6, 9, 9], "texture": "#1"}
			}
		},
		{
			"name": "wachs",
			"from": [2, 8, 12],
			"to": [4, 12, 14],
			"rotation": {"angle": 0, "axis": "y", "origin": [10, 16, 20]},
			"faces": {
				"north": {"uv": [0, 0, 2, 4], "texture": "#3"},
				"east": {"uv": [2, 0, 4, 4], "texture": "#3"},
				"south": {"uv": [4, 0, 6, 4], "texture": "#3"},
				"west": {"uv": [6, 0, 8, 4], "texture": "#3"},
				"up": {"uv": [10, 8, 12, 10], "texture": "#3"}
			}
		},
		{
			"name": "pin",
			"from": [2.95, 11.75, 12.92071],
			"to": [3.05, 12.35, 13.02071],
			"rotation": {"angle": 45, "axis": "y", "origin": [3, 12.25, 12.97071]},
			"faces": {
				"north": {"uv": [0, 0, 0.1, 0.6], "texture": "#4"},
				"east": {"uv": [0, 0, 0.1, 0.6], "texture": "#4"},
				"south": {"uv": [0, 0, 0.1, 0.6], "texture": "#4"},
				"west": {"uv": [0, 0, 0.1, 0.6], "texture": "#4"},
				"up": {"uv": [0, 0, 0.1, 0.1], "texture": "#4"}
			}
		},
		{
			"from": [2.9, 12.3, 12.61],
			"to": [2.9, 13.8, 14.11],
			"rotation": {"angle": -45, "axis": "y", "origin": [3.4, 12.8, 13.3]},
			"faces": {
				"east": {"uv": [0, 0, 16, 16], "texture": "#0"},
				"west": {"uv": [0, 0, 16, 16], "texture": "#0"}
			}
		},
		{
			"from": [3.00402, 12.3, 12.23887],
			"to": [3.00402, 13.8, 13.73887],
			"rotation": {"angle": 45, "axis": "y", "origin": [3.00402, 12.8, 12.98887]},
			"faces": {
				"east": {"uv": [0, 0, 16, 16], "texture": "#0"},
				"west": {"uv": [0, 0, 16, 16], "texture": "#0"}
			}
		},
		{
			"name": "ring",
			"from": [1.5, 7, 11.5],
			"to": [4.5, 8, 14.5],
			"rotation": {"angle": 0, "axis": "y", "origin": [16, 17, 20]},
			"faces": {
				"north": {"uv": [1, 4, 4, 5], "texture": "#1"},
				"east": {"uv": [4, 4, 7, 5], "texture": "#1"},
				"south": {"uv": [7, 4, 10, 5], "texture": "#1"},
				"west": {"uv": [10, 4, 13, 5], "texture": "#1"},
				"up": {"uv": [6, 6, 9, 9], "texture": "#1"},
				"down": {"uv": [6, 6, 9, 9], "texture": "#1"}
			}
		},
		{
			"name": "wachs",
			"from": [12, 8, 12],
			"to": [14, 12, 14],
			"rotation": {"angle": 0, "axis": "y", "origin": [20, 16, 20]},
			"faces": {
				"north": {"uv": [0, 0, 2, 4], "texture": "#3"},
				"east": {"uv": [2, 0, 4, 4], "texture": "#3"},
				"south": {"uv": [4, 0, 6, 4], "texture": "#3"},
				"west": {"uv": [6, 0, 8, 4], "texture": "#3"},
				"up": {"uv": [10, 8, 12, 10], "texture": "#3"}
			}
		},
		{
			"name": "pin",
			"from": [12.95, 11.75, 12.92071],
			"to": [13.05, 12.35, 13.02071],
			"rotation": {"angle": 45, "axis": "y", "origin": [13, 12.25, 12.97071]},
			"faces": {
				"north": {"uv": [0, 0, 0.1, 0.6], "texture": "#4"},
				"east": {"uv": [0, 0, 0.1, 0.6], "texture": "#4"},
				"south": {"uv": [0, 0, 0.1, 0.6], "texture": "#4"},
				"west": {"uv": [0, 0, 0.1, 0.6], "texture": "#4"},
				"up": {"uv": [0, 0, 0.1, 0.1], "texture": "#4"}
			}
		},
		{
			"from": [12.9, 12.3, 12.61],
			"to": [12.9, 13.8, 14.11],
			"rotation": {"angle": -45, "axis": "y", "origin": [13.4, 12.8, 13.3]},
			"faces": {
				"east": {"uv": [0, 0, 16, 16], "texture": "#0"},
				"west": {"uv": [0, 0, 16, 16], "texture": "#0"}
			}
		},
		{
			"from": [13.00402, 12.3, 12.23887],
			"to": [13.00402, 13.8, 13.73887],
			"rotation": {"angle": 45, "axis": "y", "origin": [13.00402, 12.8, 12.98887]},
			"faces": {
				"east": {"uv": [0, 0, 16, 16], "texture": "#0"},
				"west": {"uv": [0, 0, 16, 16], "texture": "#0"}
			}
		},
		{
			"name": "ring",
			"from": [11.5, 7, 11.5],
			"to": [14.5, 8, 14.5],
			"rotation": {"angle": 0, "axis": "y", "origin": [14, 17, 20]},
			"faces": {
				"north": {"uv": [1, 4, 4, 5], "texture": "#1"},
				"east": {"uv": [4, 4, 7, 5], "texture": "#1"},
				"south": {"uv": [7, 4, 10, 5], "texture": "#1"},
				"west": {"uv": [10, 4, 13, 5], "texture": "#1"},
				"up": {"uv": [6, 6, 9, 9], "texture": "#1"},
				"down": {"uv": [6, 6, 9, 9], "texture": "#1"}
			}
		}
	],
	"display": {
		"thirdperson_righthand": {
			"translation": [0, 0, -3.5],
			"scale": [0.5, 0.5, 0.51]
		},
		"thirdperson_lefthand": {
			"translation": [0, 0, -3.5],
			"scale": [0.5, 0.5, 0.51]
		},
		"firstperson_righthand": {
			"translation": [0, 1.75, 0],
			"scale": [0.5, 0.5, 0.5]
		},
		"firstperson_lefthand": {
			"translation": [0, 1.75, 0],
			"scale": [0.5, 0.5, 0.5]
		},
		"gui": {
			"rotation": [0, -180, 0]
		},
		"fixed": {
			"translation": [0, 0, -7.75]
		}
	},
	"groups": [0, 1, 2, 3, 4, 5, 6,
		{
			"name": "candle1",
			"origin": [15, 18, 15],
			"children": [7, 8, 9, 10, 11]
		},
		{
			"name": "candle2",
			"origin": [15, 18, 15],
			"children": [12, 13, 14, 15, 16]
		},
		{
			"name": "candle3",
			"origin": [15, 18, 15],
			"children": [17, 18, 19, 20, 21]
		}
	]
}