{
	"credit": "By Slippingchip400",
	"textures": {
		"3": "block/gold_block",
		"5": "block/fire_1",
		"7": "block/mushroom_stem",
		"8": "vampirism:block/dark_steel",
		"particle": "vampirism:block/dark_steel"
	},
	"render_type": "minecraft:cutout",
	"elements": [
		{
			"from": [4, 5, 5],
			"to": [5, 6, 6],
			"faces": {
				"north": {"uv": [0, 0, 1, 1], "texture": "#8"},
				"east": {"uv": [0, 0, 1, 1], "texture": "#8"},
				"south": {"uv": [0, 0, 1, 1], "texture": "#8"},
				"west": {"uv": [0, 0, 1, 1], "texture": "#8"},
				"up": {"uv": [0, 0, 1, 1], "texture": "#8"},
				"down": {"uv": [0, 0, 1, 1], "texture": "#8"}
			}
		},
		{
			"from": [3, 6, 4],
			"to": [4, 7, 5],
			"faces": {
				"north": {"uv": [0, 0, 1, 1], "texture": "#8"},
				"east": {"uv": [0, 0, 1, 1], "texture": "#8"},
				"south": {"uv": [0, 0, 1, 1], "texture": "#8"},
				"west": {"uv": [0, 0, 1, 1], "texture": "#8"},
				"up": {"uv": [0, 0, 1, 1], "texture": "#8"},
				"down": {"uv": [0, 0, 1, 1], "texture": "#8"}
			}
		},
		{
			"from": [2, 7, 3],
			"to": [3, 9, 4],
			"faces": {
				"north": {"uv": [0, 0, 1, 2], "texture": "#8"},
				"east": {"uv": [0, 0, 1, 2], "texture": "#8"},
				"south": {"uv": [0, 0, 1, 2], "texture": "#8"},
				"west": {"uv": [0, 0, 1, 2], "texture": "#8"},
				"up": {"uv": [0, 0, 1, 1], "texture": "#8"},
				"down": {"uv": [0, 0, 1, 1], "texture": "#8"}
			}
		},
		{
			"from": [13, 10, 8],
			"to": [14, 12, 9],
			"faces": {
				"north": {"uv": [1, 0, 15, 16], "texture": "#5"},
				"east": {"uv": [2, 0, 14, 16], "texture": "#5"},
				"south": {"uv": [2, 0, 14, 16], "texture": "#5"},
				"west": {"uv": [2, 0, 14, 16], "texture": "#5"},
				"up": {"uv": [0, 0, 1, 1], "texture": "#5"},
				"down": {"uv": [0, 0, 1, 1], "texture": "#5"}
			}
		},
		{
			"from": [12, 10, 13],
			"to": [13, 12, 14],
			"faces": {
				"north": {"uv": [1, 0, 15, 16], "texture": "#5"},
				"east": {"uv": [2, 0, 14, 16], "texture": "#5"},
				"south": {"uv": [2, 0, 14, 16], "texture": "#5"},
				"west": {"uv": [2, 0, 14, 16], "texture": "#5"},
				"up": {"uv": [0, 0, 1, 1], "texture": "#5"},
				"down": {"uv": [0, 0, 1, 1], "texture": "#5"}
			}
		},
		{
			"from": [1, 10, 8],
			"to": [2, 12, 9],
			"faces": {
				"north": {"uv": [1, 0, 15, 16], "texture": "#5"},
				"east": {"uv": [2, 0, 14, 16], "texture": "#5"},
				"south": {"uv": [2, 0, 14, 16], "texture": "#5"},
				"west": {"uv": [2, 0, 14, 16], "texture": "#5"},
				"up": {"uv": [0, 0, 1, 1], "texture": "#5"},
				"down": {"uv": [0, 0, 1, 1], "texture": "#5"}
			}
		},
		{
			"from": [2, 10, 3],
			"to": [3, 12, 4],
			"faces": {
				"north": {"uv": [1, 0, 15, 16], "texture": "#5"},
				"east": {"uv": [2, 0, 14, 16], "texture": "#5"},
				"south": {"uv": [2, 0, 14, 16], "texture": "#5"},
				"west": {"uv": [2, 0, 14, 16], "texture": "#5"},
				"up": {"uv": [0, 0, 1, 1], "texture": "#5"},
				"down": {"uv": [0, 0, 1, 1], "texture": "#5"}
			}
		},
		{
			"from": [7, 10, 14],
			"to": [8, 12, 15],
			"faces": {
				"north": {"uv": [1, 0, 15, 16], "texture": "#5"},
				"east": {"uv": [2, 0, 14, 16], "texture": "#5"},
				"south": {"uv": [2, 0, 14, 16], "texture": "#5"},
				"west": {"uv": [2, 0, 14, 16], "texture": "#5"},
				"up": {"uv": [0, 0, 1, 1], "texture": "#5"},
				"down": {"uv": [0, 0, 1, 1], "texture": "#5"}
			}
		},
		{
			"from": [2, 10, 13],
			"to": [3, 12, 14],
			"faces": {
				"north": {"uv": [1, 0, 15, 16], "texture": "#5"},
				"east": {"uv": [2, 0, 14, 16], "texture": "#5"},
				"south": {"uv": [2, 0, 14, 16], "texture": "#5"},
				"west": {"uv": [2, 0, 14, 16], "texture": "#5"},
				"up": {"uv": [0, 0, 1, 1], "texture": "#5"},
				"down": {"uv": [0, 0, 1, 1], "texture": "#5"}
			}
		},
		{
			"from": [7, 10, 2],
			"to": [8, 12, 3],
			"faces": {
				"north": {"uv": [1, 0, 15, 16], "texture": "#5"},
				"east": {"uv": [2, 0, 14, 16], "texture": "#5"},
				"south": {"uv": [2, 0, 14, 16], "texture": "#5"},
				"west": {"uv": [2, 0, 14, 16], "texture": "#5"},
				"up": {"uv": [0, 0, 1, 1], "texture": "#5"},
				"down": {"uv": [0, 0, 1, 1], "texture": "#5"}
			}
		},
		{
			"from": [12, 10, 3],
			"to": [13, 12, 4],
			"faces": {
				"north": {"uv": [1, 0, 15, 16], "texture": "#5"},
				"east": {"uv": [2, 0, 14, 16], "texture": "#5"},
				"south": {"uv": [2, 0, 14, 16], "texture": "#5"},
				"west": {"uv": [2, 0, 14, 16], "texture": "#5"},
				"up": {"uv": [0, 0, 1, 1], "texture": "#5"},
				"down": {"uv": [0, 0, 1, 1], "texture": "#5"}
			}
		},
		{
			"from": [12, 7, 3],
			"to": [13, 9, 4],
			"faces": {
				"north": {"uv": [0, 0, 1, 2], "texture": "#8"},
				"east": {"uv": [0, 0, 1, 2], "texture": "#8"},
				"south": {"uv": [0, 0, 1, 2], "texture": "#8"},
				"west": {"uv": [0, 0, 1, 2], "texture": "#8"},
				"up": {"uv": [0, 0, 1, 1], "texture": "#8"},
				"down": {"uv": [0, 0, 1, 1], "texture": "#8"}
			}
		},
		{
			"from": [5, 6, 6],
			"to": [6, 8, 7],
			"faces": {
				"north": {"uv": [0, 0, 1, 2], "texture": "#8"},
				"east": {"uv": [0, 0, 1, 2], "texture": "#8"},
				"south": {"uv": [0, 0, 1, 2], "texture": "#8"},
				"west": {"uv": [0, 0, 1, 2], "texture": "#8"},
				"up": {"uv": [0, 0, 1, 1], "texture": "#8"},
				"down": {"uv": [0, 0, 1, 1], "texture": "#8"}
			}
		},
		{
			"from": [2, 9, 3],
			"to": [3, 10, 4],
			"faces": {
				"north": {"uv": [0, 0, 1, 1], "texture": "#7"},
				"east": {"uv": [4, 5, 5, 6], "texture": "#7"},
				"south": {"uv": [0, 0, 1, 1], "texture": "#7"},
				"west": {"uv": [0, 0, 1, 1], "texture": "#7"},
				"up": {"uv": [0, 0, 1, 1], "texture": "#7"},
				"down": {"uv": [0, 0, 1, 1], "texture": "#7"}
			}
		},
		{
			"from": [7, 10, 8],
			"to": [8, 16, 9],
			"rotation": {"angle": 0, "axis": "y", "origin": [0, -1, 0]},
			"faces": {
				"north": {"uv": [0, 0, 1, 6], "texture": "#8"},
				"east": {"uv": [0, 0, 1, 6], "texture": "#8"},
				"south": {"uv": [0, 0, 1, 6], "texture": "#8"},
				"west": {"uv": [0, 0, 1, 6], "texture": "#8"},
				"up": {"uv": [0, 0, 1, 1], "texture": "#8"},
				"down": {"uv": [0, 0, 1, 1], "texture": "#8"}
			}
		},
		{
			"from": [8, 8, 9],
			"to": [9, 10, 10],
			"faces": {
				"north": {"uv": [0, 0, 1, 2], "texture": "#8"},
				"east": {"uv": [0, 0, 1, 2], "texture": "#8"},
				"south": {"uv": [0, 0, 1, 2], "texture": "#8"},
				"west": {"uv": [0, 0, 1, 2], "texture": "#8"},
				"up": {"uv": [0, 0, 1, 1], "texture": "#8"},
				"down": {"uv": [0, 0, 1, 1], "texture": "#8"}
			}
		},
		{
			"from": [7, 10, 9],
			"to": [8, 11, 10],
			"faces": {
				"north": {"uv": [0, 0, 1, 1], "texture": "#8"},
				"east": {"uv": [0, 0, 1, 1], "texture": "#8"},
				"south": {"uv": [0, 0, 1, 1], "texture": "#8"},
				"west": {"uv": [0, 0, 1, 1], "texture": "#8"},
				"up": {"uv": [0, 0, 1, 1], "texture": "#8"},
				"down": {"uv": [0, 0, 1, 1], "texture": "#8"}
			}
		},
		{
			"from": [6, 8, 7],
			"to": [7, 10, 8],
			"faces": {
				"north": {"uv": [0, 0, 1, 2], "texture": "#8"},
				"east": {"uv": [0, 0, 1, 2], "texture": "#8"},
				"south": {"uv": [0, 0, 1, 2], "texture": "#8"},
				"west": {"uv": [0, 0, 1, 2], "texture": "#8"},
				"up": {"uv": [0, 0, 1, 1], "texture": "#8"},
				"down": {"uv": [0, 0, 1, 1], "texture": "#8"}
			}
		},
		{
			"from": [6, 10, 8],
			"to": [7, 11, 9],
			"faces": {
				"north": {"uv": [0, 0, 1, 1], "texture": "#8"},
				"east": {"uv": [0, 0, 1, 1], "texture": "#8"},
				"south": {"uv": [0, 0, 1, 1], "texture": "#8"},
				"west": {"uv": [0, 0, 1, 1], "texture": "#8"},
				"up": {"uv": [0, 0, 1, 1], "texture": "#8"},
				"down": {"uv": [0, 0, 1, 1], "texture": "#8"}
			}
		},
		{
			"from": [6, 8, 9],
			"to": [7, 10, 10],
			"faces": {
				"north": {"uv": [0, 0, 1, 2], "texture": "#8"},
				"east": {"uv": [0, 0, 1, 2], "texture": "#8"},
				"south": {"uv": [0, 0, 1, 2], "texture": "#8"},
				"west": {"uv": [0, 0, 1, 2], "texture": "#8"},
				"up": {"uv": [0, 0, 1, 1], "texture": "#8"},
				"down": {"uv": [0, 0, 1, 1], "texture": "#8"}
			}
		},
		{
			"from": [7, 10, 7],
			"to": [8, 11, 8],
			"faces": {
				"north": {"uv": [0, 0, 1, 1], "texture": "#8"},
				"east": {"uv": [0, 0, 1, 1], "texture": "#8"},
				"south": {"uv": [0, 0, 1, 1], "texture": "#8"},
				"west": {"uv": [0, 0, 1, 1], "texture": "#8"},
				"up": {"uv": [0, 0, 1, 1], "texture": "#8"},
				"down": {"uv": [0, 0, 1, 1], "texture": "#8"}
			}
		},
		{
			"from": [8, 8, 7],
			"to": [9, 10, 8],
			"faces": {
				"north": {"uv": [0, 0, 1, 2], "texture": "#8"},
				"east": {"uv": [0, 0, 1, 2], "texture": "#8"},
				"south": {"uv": [0, 0, 1, 2], "texture": "#8"},
				"west": {"uv": [0, 0, 1, 2], "texture": "#8"},
				"up": {"uv": [0, 0, 1, 1], "texture": "#8"},
				"down": {"uv": [0, 0, 1, 1], "texture": "#8"}
			}
		},
		{
			"from": [8, 10, 8],
			"to": [9, 11, 9],
			"faces": {
				"north": {"uv": [0, 0, 1, 1], "texture": "#8"},
				"east": {"uv": [0, 0, 1, 1], "texture": "#8"},
				"south": {"uv": [0, 0, 1, 1], "texture": "#8"},
				"west": {"uv": [0, 0, 1, 1], "texture": "#8"},
				"up": {"uv": [0, 0, 1, 1], "texture": "#8"},
				"down": {"uv": [0, 0, 1, 1], "texture": "#8"}
			}
		},
		{
			"from": [11.25, 8, 2.25],
			"to": [13.75, 9, 4.75],
			"faces": {
				"north": {"uv": [0, 0, 3, 1], "texture": "#3"},
				"east": {"uv": [8, 14, 11, 15], "texture": "#3"},
				"south": {"uv": [0, 0, 3, 1], "texture": "#3"},
				"west": {"uv": [0, 0, 3, 1], "texture": "#3"},
				"up": {"uv": [11, 11, 14, 14], "texture": "#3"},
				"down": {"uv": [7, 4, 10, 7], "texture": "#3"}
			}
		},
		{
			"from": [6.25, 8, 1.25],
			"to": [8.75, 9, 3.75],
			"faces": {
				"north": {"uv": [0, 0, 3, 1], "texture": "#3"},
				"east": {"uv": [8, 14, 11, 15], "texture": "#3"},
				"south": {"uv": [0, 0, 3, 1], "texture": "#3"},
				"west": {"uv": [0, 0, 3, 1], "texture": "#3"},
				"up": {"uv": [11, 11, 14, 14], "texture": "#3"},
				"down": {"uv": [7, 4, 10, 7], "texture": "#3"}
			}
		},
		{
			"from": [1.25, 8, 2.25],
			"to": [3.75, 9, 4.75],
			"faces": {
				"north": {"uv": [0, 0, 3, 1], "texture": "#3"},
				"east": {"uv": [8, 14, 11, 15], "texture": "#3"},
				"south": {"uv": [0, 0, 3, 1], "texture": "#3"},
				"west": {"uv": [0, 0, 3, 1], "texture": "#3"},
				"up": {"uv": [11, 11, 14, 14], "texture": "#3"},
				"down": {"uv": [7, 4, 10, 7], "texture": "#3"}
			}
		},
		{
			"from": [0.25, 8, 7.25],
			"to": [2.75, 9, 9.75],
			"faces": {
				"north": {"uv": [0, 0, 3, 1], "texture": "#3"},
				"east": {"uv": [8, 14, 11, 15], "texture": "#3"},
				"south": {"uv": [0, 0, 3, 1], "texture": "#3"},
				"west": {"uv": [0, 0, 3, 1], "texture": "#3"},
				"up": {"uv": [11, 11, 14, 14], "texture": "#3"},
				"down": {"uv": [7, 4, 10, 7], "texture": "#3"}
			}
		},
		{
			"from": [1.25, 8, 12.25],
			"to": [3.75, 9, 14.75],
			"faces": {
				"north": {"uv": [0, 0, 3, 1], "texture": "#3"},
				"east": {"uv": [8, 14, 11, 15], "texture": "#3"},
				"south": {"uv": [0, 0, 3, 1], "texture": "#3"},
				"west": {"uv": [0, 0, 3, 1], "texture": "#3"},
				"up": {"uv": [11, 11, 14, 14], "texture": "#3"},
				"down": {"uv": [7, 4, 10, 7], "texture": "#3"}
			}
		},
		{
			"from": [6.25, 8, 13.25],
			"to": [8.75, 9, 15.75],
			"faces": {
				"north": {"uv": [0, 0, 3, 1], "texture": "#3"},
				"east": {"uv": [8, 14, 11, 15], "texture": "#3"},
				"south": {"uv": [0, 0, 3, 1], "texture": "#3"},
				"west": {"uv": [0, 0, 3, 1], "texture": "#3"},
				"up": {"uv": [11, 11, 14, 14], "texture": "#3"},
				"down": {"uv": [7, 4, 10, 7], "texture": "#3"}
			}
		},
		{
			"from": [11.25, 8, 12.25],
			"to": [13.75, 9, 14.75],
			"faces": {
				"north": {"uv": [0, 0, 3, 1], "texture": "#3"},
				"east": {"uv": [8, 14, 11, 15], "texture": "#3"},
				"south": {"uv": [0, 0, 3, 1], "texture": "#3"},
				"west": {"uv": [0, 0, 3, 1], "texture": "#3"},
				"up": {"uv": [11, 11, 14, 14], "texture": "#3"},
				"down": {"uv": [7, 4, 10, 7], "texture": "#3"}
			}
		},
		{
			"from": [12.25, 8, 7.25],
			"to": [14.75, 9, 9.75],
			"faces": {
				"north": {"uv": [0, 0, 3, 1], "texture": "#3"},
				"east": {"uv": [8, 14, 11, 15], "texture": "#3"},
				"south": {"uv": [0, 0, 3, 1], "texture": "#3"},
				"west": {"uv": [0, 0, 3, 1], "texture": "#3"},
				"up": {"uv": [11, 11, 14, 14], "texture": "#3"},
				"down": {"uv": [7, 4, 10, 7], "texture": "#3"}
			}
		},
		{
			"from": [7, 6, 13],
			"to": [8, 7, 14],
			"faces": {
				"north": {"uv": [0, 0, 1, 1], "texture": "#8"},
				"east": {"uv": [0, 0, 1, 1], "texture": "#8"},
				"south": {"uv": [0, 0, 1, 1], "texture": "#8"},
				"west": {"uv": [0, 0, 1, 1], "texture": "#8"},
				"up": {"uv": [0, 0, 1, 1], "texture": "#8"},
				"down": {"uv": [0, 0, 1, 1], "texture": "#8"}
			}
		},
		{
			"from": [7, 7, 14],
			"to": [8, 9, 15],
			"faces": {
				"north": {"uv": [0, 0, 1, 2], "texture": "#8"},
				"east": {"uv": [0, 0, 1, 2], "texture": "#8"},
				"south": {"uv": [0, 0, 1, 2], "texture": "#8"},
				"west": {"uv": [0, 0, 1, 2], "texture": "#8"},
				"up": {"uv": [0, 0, 1, 1], "texture": "#8"},
				"down": {"uv": [0, 0, 1, 1], "texture": "#8"}
			}
		},
		{
			"from": [7, 5, 12],
			"to": [8, 6, 13],
			"faces": {
				"north": {"uv": [0, 0, 1, 1], "texture": "#8"},
				"east": {"uv": [0, 0, 1, 1], "texture": "#8"},
				"south": {"uv": [0, 0, 1, 1], "texture": "#8"},
				"west": {"uv": [0, 0, 1, 1], "texture": "#8"},
				"up": {"uv": [0, 0, 1, 1], "texture": "#8"},
				"down": {"uv": [0, 0, 1, 1], "texture": "#8"}
			}
		},
		{
			"from": [4, 6, 8],
			"to": [5, 8, 9],
			"faces": {
				"north": {"uv": [0, 0, 1, 2], "texture": "#8"},
				"east": {"uv": [0, 0, 1, 2], "texture": "#8"},
				"south": {"uv": [0, 0, 1, 2], "texture": "#8"},
				"west": {"uv": [0, 0, 1, 2], "texture": "#8"},
				"up": {"uv": [0, 0, 1, 1], "texture": "#8"},
				"down": {"uv": [0, 0, 1, 1], "texture": "#8"}
			}
		},
		{
			"from": [3, 6, 12],
			"to": [4, 7, 13],
			"faces": {
				"north": {"uv": [0, 0, 1, 1], "texture": "#8"},
				"east": {"uv": [0, 0, 1, 1], "texture": "#8"},
				"south": {"uv": [0, 0, 1, 1], "texture": "#8"},
				"west": {"uv": [0, 0, 1, 1], "texture": "#8"},
				"up": {"uv": [0, 0, 1, 1], "texture": "#8"},
				"down": {"uv": [0, 0, 1, 1], "texture": "#8"}
			}
		},
		{
			"from": [2, 6, 8],
			"to": [3, 7, 9],
			"faces": {
				"north": {"uv": [0, 0, 1, 1], "texture": "#8"},
				"east": {"uv": [0, 0, 1, 1], "texture": "#8"},
				"south": {"uv": [0, 0, 1, 1], "texture": "#8"},
				"west": {"uv": [0, 0, 1, 1], "texture": "#8"},
				"up": {"uv": [0, 0, 1, 1], "texture": "#8"},
				"down": {"uv": [0, 0, 1, 1], "texture": "#8"}
			}
		},
		{
			"from": [2, 7, 13],
			"to": [3, 9, 14],
			"faces": {
				"north": {"uv": [0, 0, 1, 2], "texture": "#8"},
				"east": {"uv": [0, 0, 1, 2], "texture": "#8"},
				"south": {"uv": [0, 0, 1, 2], "texture": "#8"},
				"west": {"uv": [0, 0, 1, 2], "texture": "#8"},
				"up": {"uv": [0, 0, 1, 1], "texture": "#8"},
				"down": {"uv": [0, 0, 1, 1], "texture": "#8"}
			}
		},
		{
			"from": [1, 7, 8],
			"to": [2, 9, 9],
			"faces": {
				"north": {"uv": [0, 0, 1, 2], "texture": "#8"},
				"east": {"uv": [0, 0, 1, 2], "texture": "#8"},
				"south": {"uv": [0, 0, 1, 2], "texture": "#8"},
				"west": {"uv": [0, 0, 1, 2], "texture": "#8"},
				"up": {"uv": [0, 0, 1, 1], "texture": "#8"},
				"down": {"uv": [0, 0, 1, 1], "texture": "#8"}
			}
		},
		{
			"from": [3, 5, 8],
			"to": [4, 6, 9],
			"faces": {
				"north": {"uv": [0, 0, 1, 1], "texture": "#8"},
				"east": {"uv": [0, 0, 1, 1], "texture": "#8"},
				"south": {"uv": [0, 0, 1, 1], "texture": "#8"},
				"west": {"uv": [0, 0, 1, 1], "texture": "#8"},
				"up": {"uv": [0, 0, 1, 1], "texture": "#8"},
				"down": {"uv": [0, 0, 1, 1], "texture": "#8"}
			}
		},
		{
			"from": [4, 5, 11],
			"to": [5, 6, 12],
			"faces": {
				"north": {"uv": [0, 0, 1, 1], "texture": "#8"},
				"east": {"uv": [0, 0, 1, 1], "texture": "#8"},
				"south": {"uv": [0, 0, 1, 1], "texture": "#8"},
				"west": {"uv": [0, 0, 1, 1], "texture": "#8"},
				"up": {"uv": [0, 0, 1, 1], "texture": "#8"},
				"down": {"uv": [0, 0, 1, 1], "texture": "#8"}
			}
		},
		{
			"from": [5, 6, 10],
			"to": [6, 8, 11],
			"faces": {
				"north": {"uv": [0, 0, 1, 2], "texture": "#8"},
				"east": {"uv": [0, 0, 1, 2], "texture": "#8"},
				"south": {"uv": [0, 0, 1, 2], "texture": "#8"},
				"west": {"uv": [0, 0, 1, 2], "texture": "#8"},
				"up": {"uv": [0, 0, 1, 1], "texture": "#8"},
				"down": {"uv": [0, 0, 1, 1], "texture": "#8"}
			}
		},
		{
			"from": [9, 6, 10],
			"to": [10, 8, 11],
			"faces": {
				"north": {"uv": [0, 0, 1, 2], "texture": "#8"},
				"east": {"uv": [0, 0, 1, 2], "texture": "#8"},
				"south": {"uv": [0, 0, 1, 2], "texture": "#8"},
				"west": {"uv": [0, 0, 1, 2], "texture": "#8"},
				"up": {"uv": [0, 0, 1, 1], "texture": "#8"},
				"down": {"uv": [0, 0, 1, 1], "texture": "#8"}
			}
		},
		{
			"from": [10, 6, 8],
			"to": [11, 8, 9],
			"faces": {
				"north": {"uv": [0, 0, 1, 2], "texture": "#8"},
				"east": {"uv": [0, 0, 1, 2], "texture": "#8"},
				"south": {"uv": [0, 0, 1, 2], "texture": "#8"},
				"west": {"uv": [0, 0, 1, 2], "texture": "#8"},
				"up": {"uv": [0, 0, 1, 1], "texture": "#8"},
				"down": {"uv": [0, 0, 1, 1], "texture": "#8"}
			}
		},
		{
			"from": [11, 6, 12],
			"to": [12, 7, 13],
			"faces": {
				"north": {"uv": [0, 0, 1, 1], "texture": "#8"},
				"east": {"uv": [0, 0, 1, 1], "texture": "#8"},
				"south": {"uv": [0, 0, 1, 1], "texture": "#8"},
				"west": {"uv": [0, 0, 1, 1], "texture": "#8"},
				"up": {"uv": [0, 0, 1, 1], "texture": "#8"},
				"down": {"uv": [0, 0, 1, 1], "texture": "#8"}
			}
		},
		{
			"from": [10, 5, 11],
			"to": [11, 6, 12],
			"faces": {
				"north": {"uv": [0, 0, 1, 1], "texture": "#8"},
				"east": {"uv": [0, 0, 1, 1], "texture": "#8"},
				"south": {"uv": [0, 0, 1, 1], "texture": "#8"},
				"west": {"uv": [0, 0, 1, 1], "texture": "#8"},
				"up": {"uv": [0, 0, 1, 1], "texture": "#8"},
				"down": {"uv": [0, 0, 1, 1], "texture": "#8"}
			}
		},
		{
			"from": [11, 5, 8],
			"to": [12, 6, 9],
			"faces": {
				"north": {"uv": [0, 0, 1, 1], "texture": "#8"},
				"east": {"uv": [0, 0, 1, 1], "texture": "#8"},
				"south": {"uv": [0, 0, 1, 1], "texture": "#8"},
				"west": {"uv": [0, 0, 1, 1], "texture": "#8"},
				"up": {"uv": [0, 0, 1, 1], "texture": "#8"},
				"down": {"uv": [0, 0, 1, 1], "texture": "#8"}
			}
		},
		{
			"from": [12, 6, 8],
			"to": [13, 7, 9],
			"faces": {
				"north": {"uv": [0, 0, 1, 1], "texture": "#8"},
				"east": {"uv": [0, 0, 1, 1], "texture": "#8"},
				"south": {"uv": [0, 0, 1, 1], "texture": "#8"},
				"west": {"uv": [0, 0, 1, 1], "texture": "#8"},
				"up": {"uv": [0, 0, 1, 1], "texture": "#8"},
				"down": {"uv": [0, 0, 1, 1], "texture": "#8"}
			}
		},
		{
			"from": [12, 7, 13],
			"to": [13, 9, 14],
			"faces": {
				"north": {"uv": [0, 0, 1, 2], "texture": "#8"},
				"east": {"uv": [0, 0, 1, 2], "texture": "#8"},
				"south": {"uv": [0, 0, 1, 2], "texture": "#8"},
				"west": {"uv": [0, 0, 1, 2], "texture": "#8"},
				"up": {"uv": [0, 0, 1, 1], "texture": "#8"},
				"down": {"uv": [0, 0, 1, 1], "texture": "#8"}
			}
		},
		{
			"from": [13, 7, 8],
			"to": [14, 9, 9],
			"faces": {
				"north": {"uv": [0, 0, 1, 2], "texture": "#8"},
				"east": {"uv": [0, 0, 1, 2], "texture": "#8"},
				"south": {"uv": [0, 0, 1, 2], "texture": "#8"},
				"west": {"uv": [0, 0, 1, 2], "texture": "#8"},
				"up": {"uv": [0, 0, 1, 1], "texture": "#8"},
				"down": {"uv": [0, 0, 1, 1], "texture": "#8"}
			}
		},
		{
			"from": [5, 8, 8],
			"to": [6, 10, 9],
			"faces": {
				"north": {"uv": [0, 0, 1, 2], "texture": "#8"},
				"east": {"uv": [0, 0, 1, 2], "texture": "#8"},
				"south": {"uv": [0, 0, 1, 2], "texture": "#8"},
				"west": {"uv": [0, 0, 1, 2], "texture": "#8"},
				"up": {"uv": [0, 0, 1, 1], "texture": "#8"},
				"down": {"uv": [0, 0, 1, 1], "texture": "#8"}
			}
		},
		{
			"from": [9, 8, 8],
			"to": [10, 10, 9],
			"faces": {
				"north": {"uv": [0, 0, 1, 2], "texture": "#8"},
				"east": {"uv": [0, 0, 1, 2], "texture": "#8"},
				"south": {"uv": [0, 0, 1, 2], "texture": "#8"},
				"west": {"uv": [0, 0, 1, 2], "texture": "#8"},
				"up": {"uv": [0, 0, 1, 1], "texture": "#8"},
				"down": {"uv": [0, 0, 1, 1], "texture": "#8"}
			}
		},
		{
			"from": [13, 9, 8],
			"to": [14, 10, 9],
			"faces": {
				"north": {"uv": [0, 0, 1, 1], "texture": "#7"},
				"east": {"uv": [4, 5, 5, 6], "texture": "#7"},
				"south": {"uv": [0, 0, 1, 1], "texture": "#7"},
				"west": {"uv": [0, 0, 1, 1], "texture": "#7"},
				"up": {"uv": [0, 0, 1, 1], "texture": "#7"},
				"down": {"uv": [0, 0, 1, 1], "texture": "#7"}
			}
		},
		{
			"from": [12, 9, 13],
			"to": [13, 10, 14],
			"faces": {
				"north": {"uv": [0, 0, 1, 1], "texture": "#7"},
				"east": {"uv": [4, 5, 5, 6], "texture": "#7"},
				"south": {"uv": [0, 0, 1, 1], "texture": "#7"},
				"west": {"uv": [0, 0, 1, 1], "texture": "#7"},
				"up": {"uv": [0, 0, 1, 1], "texture": "#7"},
				"down": {"uv": [0, 0, 1, 1], "texture": "#7"}
			}
		},
		{
			"from": [1, 9, 8],
			"to": [2, 10, 9],
			"faces": {
				"north": {"uv": [0, 0, 1, 1], "texture": "#7"},
				"east": {"uv": [4, 5, 5, 6], "texture": "#7"},
				"south": {"uv": [0, 0, 1, 1], "texture": "#7"},
				"west": {"uv": [0, 0, 1, 1], "texture": "#7"},
				"up": {"uv": [0, 0, 1, 1], "texture": "#7"},
				"down": {"uv": [0, 0, 1, 1], "texture": "#7"}
			}
		},
		{
			"from": [2, 9, 13],
			"to": [3, 10, 14],
			"faces": {
				"north": {"uv": [0, 0, 1, 1], "texture": "#7"},
				"east": {"uv": [4, 5, 5, 6], "texture": "#7"},
				"south": {"uv": [0, 0, 1, 1], "texture": "#7"},
				"west": {"uv": [0, 0, 1, 1], "texture": "#7"},
				"up": {"uv": [0, 0, 1, 1], "texture": "#7"},
				"down": {"uv": [0, 0, 1, 1], "texture": "#7"}
			}
		},
		{
			"from": [7, 6, 5],
			"to": [8, 8, 6],
			"faces": {
				"north": {"uv": [0, 0, 1, 2], "texture": "#8"},
				"east": {"uv": [0, 0, 1, 2], "texture": "#8"},
				"south": {"uv": [0, 0, 1, 2], "texture": "#8"},
				"west": {"uv": [0, 0, 1, 2], "texture": "#8"},
				"up": {"uv": [0, 0, 1, 1], "texture": "#8"},
				"down": {"uv": [0, 0, 1, 1], "texture": "#8"}
			}
		},
		{
			"from": [9, 6, 6],
			"to": [10, 8, 7],
			"faces": {
				"north": {"uv": [0, 0, 1, 2], "texture": "#8"},
				"east": {"uv": [0, 0, 1, 2], "texture": "#8"},
				"south": {"uv": [0, 0, 1, 2], "texture": "#8"},
				"west": {"uv": [0, 0, 1, 2], "texture": "#8"},
				"up": {"uv": [0, 0, 1, 1], "texture": "#8"},
				"down": {"uv": [0, 0, 1, 1], "texture": "#8"}
			}
		},
		{
			"from": [7, 8, 6],
			"to": [8, 10, 7],
			"faces": {
				"north": {"uv": [0, 0, 1, 2], "texture": "#8"},
				"east": {"uv": [0, 0, 1, 2], "texture": "#8"},
				"south": {"uv": [0, 0, 1, 2], "texture": "#8"},
				"west": {"uv": [0, 0, 1, 2], "texture": "#8"},
				"up": {"uv": [0, 0, 1, 1], "texture": "#8"},
				"down": {"uv": [0, 0, 1, 1], "texture": "#8"}
			}
		},
		{
			"from": [7, 8, 10],
			"to": [8, 10, 11],
			"faces": {
				"north": {"uv": [0, 0, 1, 2], "texture": "#8"},
				"east": {"uv": [0, 0, 1, 2], "texture": "#8"},
				"south": {"uv": [0, 0, 1, 2], "texture": "#8"},
				"west": {"uv": [0, 0, 1, 2], "texture": "#8"},
				"up": {"uv": [0, 0, 1, 1], "texture": "#8"},
				"down": {"uv": [0, 0, 1, 1], "texture": "#8"}
			}
		},
		{
			"from": [7, 6, 11],
			"to": [8, 8, 12],
			"faces": {
				"north": {"uv": [0, 0, 1, 2], "texture": "#8"},
				"east": {"uv": [0, 0, 1, 2], "texture": "#8"},
				"south": {"uv": [0, 0, 1, 2], "texture": "#8"},
				"west": {"uv": [0, 0, 1, 2], "texture": "#8"},
				"up": {"uv": [0, 0, 1, 1], "texture": "#8"},
				"down": {"uv": [0, 0, 1, 1], "texture": "#8"}
			}
		},
		{
			"from": [10, 5, 5],
			"to": [11, 6, 6],
			"faces": {
				"north": {"uv": [0, 0, 1, 1], "texture": "#8"},
				"east": {"uv": [0, 0, 1, 1], "texture": "#8"},
				"south": {"uv": [0, 0, 1, 1], "texture": "#8"},
				"west": {"uv": [0, 0, 1, 1], "texture": "#8"},
				"up": {"uv": [0, 0, 1, 1], "texture": "#8"},
				"down": {"uv": [0, 0, 1, 1], "texture": "#8"}
			}
		},
		{
			"from": [11, 6, 4],
			"to": [12, 7, 5],
			"faces": {
				"north": {"uv": [0, 0, 1, 1], "texture": "#8"},
				"east": {"uv": [0, 0, 1, 1], "texture": "#8"},
				"south": {"uv": [0, 0, 1, 1], "texture": "#8"},
				"west": {"uv": [0, 0, 1, 1], "texture": "#8"},
				"up": {"uv": [0, 0, 1, 1], "texture": "#8"},
				"down": {"uv": [0, 0, 1, 1], "texture": "#8"}
			}
		},
		{
			"from": [7, 5, 4],
			"to": [8, 6, 5],
			"faces": {
				"north": {"uv": [0, 0, 1, 1], "texture": "#8"},
				"east": {"uv": [0, 0, 1, 1], "texture": "#8"},
				"south": {"uv": [0, 0, 1, 1], "texture": "#8"},
				"west": {"uv": [0, 0, 1, 1], "texture": "#8"},
				"up": {"uv": [0, 0, 1, 1], "texture": "#8"},
				"down": {"uv": [0, 0, 1, 1], "texture": "#8"}
			}
		},
		{
			"from": [7, 6, 3],
			"to": [8, 7, 4],
			"faces": {
				"north": {"uv": [0, 0, 1, 1], "texture": "#8"},
				"east": {"uv": [0, 0, 1, 1], "texture": "#8"},
				"south": {"uv": [0, 0, 1, 1], "texture": "#8"},
				"west": {"uv": [0, 0, 1, 1], "texture": "#8"},
				"up": {"uv": [0, 0, 1, 1], "texture": "#8"},
				"down": {"uv": [0, 0, 1, 1], "texture": "#8"}
			}
		},
		{
			"from": [12, 7, 3],
			"to": [13, 9, 4],
			"faces": {
				"north": {"uv": [0, 0, 1, 2], "texture": "#8"},
				"east": {"uv": [0, 0, 1, 2], "texture": "#8"},
				"south": {"uv": [0, 0, 1, 2], "texture": "#8"},
				"west": {"uv": [0, 0, 1, 2], "texture": "#8"},
				"up": {"uv": [0, 0, 1, 1], "texture": "#8"},
				"down": {"uv": [0, 0, 1, 1], "texture": "#8"}
			}
		},
		{
			"from": [7, 7, 2],
			"to": [8, 9, 3],
			"faces": {
				"north": {"uv": [0, 0, 1, 2], "texture": "#8"},
				"east": {"uv": [0, 0, 1, 2], "texture": "#8"},
				"south": {"uv": [0, 0, 1, 2], "texture": "#8"},
				"west": {"uv": [0, 0, 1, 2], "texture": "#8"},
				"up": {"uv": [0, 0, 1, 1], "texture": "#8"},
				"down": {"uv": [0, 0, 1, 1], "texture": "#8"}
			}
		},
		{
			"from": [12, 9, 3],
			"to": [13, 10, 4],
			"faces": {
				"north": {"uv": [0, 0, 1, 1], "texture": "#7"},
				"east": {"uv": [4, 5, 5, 6], "texture": "#7"},
				"south": {"uv": [0, 0, 1, 1], "texture": "#7"},
				"west": {"uv": [0, 0, 1, 1], "texture": "#7"},
				"up": {"uv": [0, 0, 1, 1], "texture": "#7"},
				"down": {"uv": [0, 0, 1, 1], "texture": "#7"}
			}
		},
		{
			"from": [7, 9, 2],
			"to": [8, 10, 3],
			"faces": {
				"north": {"uv": [0, 0, 1, 1], "texture": "#7"},
				"east": {"uv": [4, 5, 5, 6], "texture": "#7"},
				"south": {"uv": [0, 0, 1, 1], "texture": "#7"},
				"west": {"uv": [0, 0, 1, 1], "texture": "#7"},
				"up": {"uv": [0, 0, 1, 1], "texture": "#7"},
				"down": {"uv": [0, 0, 1, 1], "texture": "#7"}
			}
		},
		{
			"from": [7, 9, 14],
			"to": [8, 10, 15],
			"faces": {
				"north": {"uv": [0, 0, 1, 1], "texture": "#7"},
				"east": {"uv": [4, 5, 5, 6], "texture": "#7"},
				"south": {"uv": [0, 0, 1, 1], "texture": "#7"},
				"west": {"uv": [0, 0, 1, 1], "texture": "#7"},
				"up": {"uv": [0, 0, 1, 1], "texture": "#7"},
				"down": {"uv": [0, 0, 1, 1], "texture": "#7"}
			}
		}
	],
	"display": {
		"thirdperson_righthand": {
			"rotation": [41, 47, 0],
			"translation": [0, 2.5, 0],
			"scale": [0.375, 0.375, 0.375]
		},
		"thirdperson_lefthand": {
			"rotation": [51, 38, 0],
			"translation": [0, 2.5, 0],
			"scale": [0.375, 0.375, 0.375]
		},
		"firstperson_righthand": {
			"rotation": [0, 45, 0],
			"scale": [0.4, 0.4, 0.4]
		},
		"firstperson_lefthand": {
			"rotation": [0, 225, 0],
			"scale": [0.4, 0.4, 0.4]
		},
		"ground": {
			"translation": [0, -1.25, 0],
			"scale": [0.4, 0.4, 0.4]
		},
		"gui": {
			"rotation": [30, 225, 0],
			"scale": [0.625, 0.625, 0.625]
		},
		"head": {
			"translation": [0.25, 9, -0.5]
		},
		"fixed": {
			"scale": [0.5, 0.5, 0.5]
		}
	},
	"groups": [0, 1, 2, 3, 4, 5, 6, 7, 8, 9, 10, 11, 12, 13, 14,
		{
			"name": "VoxelShapes",
			"origin": [8, 8, 8],
			"color": 0,
			"children": [15, 16, 17, 18, 19, 20, 21, 22, 23, 24, 25, 26, 27, 28, 29, 30, 31, 32, 33, 34, 35, 36, 37, 38, 39, 40, 41, 42, 43, 44, 45, 46, 47, 48, 49, 50, 51, 52, 53, 54, 55, 56, 57, 58, 59, 60, 61, 62, 63, 64, 65, 66, 67, 68, 69]
		}
	]
}