{
	"credit": "Made with Blockbench",
	"texture_size": [128, 128],
	"textures": {
		"0": "vampirism:block/coffin",
		"particle": "minecraft:block/spruce_planks"
	},
	"elements": [
		{
			"from": [0, 9, 0],
			"to": [1.5, 10, 32],
			"faces": {
				"north": {"uv": [9.625, 4.375, 9.875, 4.5], "texture": "#0"},
				"east": {"uv": [7.125, 0.875, 11.125, 1], "texture": "#0"},
				"south": {"uv": [9.625, 4.5, 9.875, 4.625], "texture": "#0"},
				"west": {"uv": [7.125, 1, 11.125, 1.125], "texture": "#0"},
				"up": {"uv": [3.375, 10, 3.125, 6], "texture": "#0"},
				"down": {"uv": [3.625, 6, 3.375, 10], "texture": "#0"}
			}
		},
		{
			"from": [1.5, 9, 0],
			"to": [14.5, 10, 1.25],
			"faces": {
				"north": {"uv": [7.125, 8.75, 8.75, 8.875], "texture": "#0"},
				"east": {"uv": [9.625, 5.625, 9.75, 5.75], "texture": "#0"},
				"south": {"uv": [8.75, 7.375, 10.375, 7.5], "texture": "#0"},
				"west": {"uv": [9.625, 7.75, 9.75, 7.875], "texture": "#0"},
				"up": {"uv": [10.375, 7.625, 8.75, 7.5], "texture": "#0"},
				"down": {"uv": [10.375, 7.625, 8.75, 7.75], "texture": "#0"}
			}
		},
		{
			"from": [14.5, 9, 0],
			"to": [16, 10, 32],
			"faces": {
				"north": {"uv": [9.625, 4.125, 9.875, 4.25], "texture": "#0"},
				"east": {"uv": [7.125, 0.625, 11.125, 0.75], "texture": "#0"},
				"south": {"uv": [9.625, 4.25, 9.875, 4.375], "texture": "#0"},
				"west": {"uv": [7.125, 0.75, 11.125, 0.875], "texture": "#0"},
				"up": {"uv": [2.875, 10, 2.625, 6], "texture": "#0"},
				"down": {"uv": [3.125, 6, 2.875, 10], "texture": "#0"}
			}
		},
		{
			"from": [1.5, 9, 30.5],
			"to": [14.5, 10, 32],
			"faces": {
				"north": {"uv": [8.75, 2.625, 10.375, 2.75], "texture": "#0"},
				"east": {"uv": [9.625, 3.875, 9.875, 4], "texture": "#0"},
				"south": {"uv": [8.75, 2.75, 10.375, 2.875], "texture": "#0"},
				"west": {"uv": [9.625, 4, 9.875, 4.125], "texture": "#0"},
				"up": {"uv": [8.375, 7.375, 6.75, 7.125], "texture": "#0"},
				"down": {"uv": [6.75, 7.375, 5.125, 7.625], "texture": "#0"}
			}
		},
		{
			"from": [1.5, 10, 1.25],
			"to": [14.5, 11, 31],
			"faces": {
				"north": {"uv": [8.375, 7.25, 10, 7.375], "texture": "#0"},
				"east": {"uv": [7.125, 1.125, 10.875, 1.25], "texture": "#0"},
				"south": {"uv": [7.125, 8.5, 8.75, 8.625], "texture": "#0"},
				"west": {"uv": [7.125, 1.25, 10.875, 1.375], "texture": "#0"},
				"up": {"uv": [1.625, 7.75, 0, 4], "texture": "#0"},
				"down": {"uv": [5.625, 0, 4, 3.75], "texture": "#0"}
			}
		}
	],
	"groups": [
		{
			"name": "lid",
			"origin": [0, 0, 0],
			"color": 0,
			"children": [0, 1, 2, 3, 4]
		}
	]
}