{
	"credit": "Made with Blockbench",
	"texture_size": [128, 128],
	"textures": {
		"0": "vampirism:block/coffin",
		"particle": "minecraft:block/spruce_planks"
	},
	"elements": [
		{
			"from": [0, 0, 0],
			"to": [16, 1, 32],
			"rotation": {"angle": 0, "axis": "y", "origin": [0, 0, 8]},
			"faces": {
				"north": {"uv": [7.125, 2.875, 9.125, 3], "texture": "#0"},
				"east": {"uv": [3.625, 7, 7.625, 7.125], "texture": "#0"},
				"south": {"uv": [8.375, 7.125, 10.375, 7.25], "texture": "#0"},
				"west": {"uv": [7.125, 0, 11.125, 0.125], "texture": "#0"},
				"up": {"uv": [2, 4, 0, 0], "texture": "#0"},
				"down": {"uv": [4, 0, 2, 4], "texture": "#0"}
			}
		},
		{
			"from": [14.5, 8, 0],
			"to": [16, 9, 32],
			"rotation": {"angle": 0, "axis": "y", "origin": [0, 0, 8]},
			"faces": {
				"north": {"uv": [6.5, 7.625, 6.75, 7.75], "texture": "#0"},
				"east": {"uv": [7.125, 0.125, 11.125, 0.25], "texture": "#0"},
				"south": {"uv": [9.375, 8.375, 9.625, 8.5], "texture": "#0"},
				"west": {"uv": [7.125, 0.25, 11.125, 0.375], "texture": "#0"},
				"up": {"uv": [1.875, 10, 1.625, 6], "texture": "#0"},
				"down": {"uv": [2.125, 6, 1.875, 10], "texture": "#0"}
			}
		},
		{
			"from": [0, 8, 0],
			"to": [1.5, 9, 32],
			"rotation": {"angle": 0, "axis": "y", "origin": [0, 0, 8]},
			"faces": {
				"north": {"uv": [9.5, 5.375, 9.75, 5.5], "texture": "#0"},
				"east": {"uv": [7.125, 0.375, 11.125, 0.5], "texture": "#0"},
				"south": {"uv": [9.5, 8, 9.75, 8.125], "texture": "#0"},
				"west": {"uv": [7.125, 0.5, 11.125, 0.625], "texture": "#0"},
				"up": {"uv": [2.375, 10, 2.125, 6], "texture": "#0"},
				"down": {"uv": [2.625, 6, 2.375, 10], "texture": "#0"}
			}
		},
		{
			"from": [1.5, 8, 0],
			"to": [14.5, 9, 1.25],
			"rotation": {"angle": 0, "axis": "y", "origin": [0, 0, 8]},
			"faces": {
				"north": {"uv": [8.75, 1.875, 10.375, 2], "texture": "#0"},
				"east": {"uv": [9.625, 5.25, 9.75, 5.375], "texture": "#0"},
				"south": {"uv": [8.75, 2, 10.375, 2.125], "texture": "#0"},
				"west": {"uv": [9.625, 5.5, 9.75, 5.625], "texture": "#0"},
				"up": {"uv": [10.375, 2.25, 8.75, 2.125], "texture": "#0"},
				"down": {"uv": [10.375, 2.25, 8.75, 2.375], "texture": "#0"}
			}
		},
		{
			"from": [1.5, 8, 30.5],
			"to": [14.5, 9, 32],
			"rotation": {"angle": 0, "axis": "y", "origin": [0, 0, 8]},
			"faces": {
				"north": {"uv": [8.75, 2.375, 10.375, 2.5], "texture": "#0"},
				"east": {"uv": [9.625, 3.625, 9.875, 3.75], "texture": "#0"},
				"south": {"uv": [8.75, 2.5, 10.375, 2.625], "texture": "#0"},
				"west": {"uv": [9.625, 3.75, 9.875, 3.875], "texture": "#0"},
				"up": {"uv": [8.75, 2.875, 7.125, 2.625], "texture": "#0"},
				"down": {"uv": [6.75, 7.125, 5.125, 7.375], "texture": "#0"}
			}
		},
		{
			"from": [14.5, 1, 0.5],
			"to": [15.5, 3, 31.25],
			"rotation": {"angle": 0, "axis": "y", "origin": [0, 0, 8]},
			"faces": {
				"north": {"uv": [5, 3.75, 5.125, 4], "texture": "#0"},
				"east": {"uv": [5.625, 3, 9.5, 3.25], "texture": "#0"},
				"south": {"uv": [5.125, 3.75, 5.25, 4], "texture": "#0"},
				"west": {"uv": [5.625, 3.25, 9.5, 3.5], "texture": "#0"},
				"up": {"uv": [3.75, 11, 3.625, 7.125], "texture": "#0"},
				"down": {"uv": [3.875, 7.125, 3.75, 11], "texture": "#0"}
			}
		},
		{
			"from": [14.5, 3, 0.5],
			"to": [15.5, 6, 2],
			"rotation": {"angle": 0, "axis": "y", "origin": [0, 0, 8]},
			"faces": {
				"north": {"uv": [9.25, 8.125, 9.375, 8.5], "texture": "#0"},
				"east": {"uv": [8.875, 5.125, 9.125, 5.5], "texture": "#0"},
				"south": {"uv": [8.25, 9.25, 8.375, 9.625], "texture": "#0"},
				"west": {"uv": [8, 8.875, 8.25, 9.25], "texture": "#0"},
				"up": {"uv": [9.625, 3.625, 9.5, 3.375], "texture": "#0"},
				"down": {"uv": [9.625, 3.625, 9.5, 3.875], "texture": "#0"}
			}
		},
		{
			"from": [14.5, 3, 30],
			"to": [15.5, 6, 31.25],
			"rotation": {"angle": 0, "axis": "y", "origin": [0, 0, 8]},
			"faces": {
				"north": {"uv": [8.875, 9.25, 9, 9.625], "texture": "#0"},
				"east": {"uv": [9.25, 8.875, 9.375, 9.25], "texture": "#0"},
				"south": {"uv": [9, 9.25, 9.125, 9.625], "texture": "#0"},
				"west": {"uv": [9.125, 9.25, 9.25, 9.625], "texture": "#0"},
				"up": {"uv": [1.5, 8.875, 1.375, 8.75], "texture": "#0"},
				"down": {"uv": [9.75, 4.625, 9.625, 4.75], "texture": "#0"}
			}
		},
		{
			"from": [14.5, 3, 10],
			"to": [15.5, 6, 12],
			"rotation": {"angle": 0, "axis": "y", "origin": [0, 0, 8]},
			"faces": {
				"north": {"uv": [8.375, 9.25, 8.5, 9.625], "texture": "#0"},
				"east": {"uv": [8.25, 8.875, 8.5, 9.25], "texture": "#0"},
				"south": {"uv": [8.5, 9.25, 8.625, 9.625], "texture": "#0"},
				"west": {"uv": [8.5, 8.875, 8.75, 9.25], "texture": "#0"},
				"up": {"uv": [9.625, 4.125, 9.5, 3.875], "texture": "#0"},
				"down": {"uv": [9.625, 4.125, 9.5, 4.375], "texture": "#0"}
			}
		},
		{
			"from": [14.5, 3, 20],
			"to": [15.5, 6, 22],
			"rotation": {"angle": 0, "axis": "y", "origin": [0, 0, 8]},
			"faces": {
				"north": {"uv": [8.625, 9.25, 8.75, 9.625], "texture": "#0"},
				"east": {"uv": [8.75, 8.875, 9, 9.25], "texture": "#0"},
				"south": {"uv": [8.75, 9.25, 8.875, 9.625], "texture": "#0"},
				"west": {"uv": [0, 9, 0.25, 9.375], "texture": "#0"},
				"up": {"uv": [9.625, 4.625, 9.5, 4.375], "texture": "#0"},
				"down": {"uv": [9.625, 4.625, 9.5, 4.875], "texture": "#0"}
			}
		},
		{
			"from": [0.5, 3, 0.5],
			"to": [1.5, 6, 2],
			"rotation": {"angle": 0, "axis": "y", "origin": [0, 0, 8]},
			"faces": {
				"north": {"uv": [0.875, 9.375, 1, 9.75], "texture": "#0"},
				"east": {"uv": [1.25, 9, 1.5, 9.375], "texture": "#0"},
				"south": {"uv": [1, 9.375, 1.125, 9.75], "texture": "#0"},
				"west": {"uv": [9, 8.875, 9.25, 9.25], "texture": "#0"},
				"up": {"uv": [5.625, 9.75, 5.5, 9.5], "texture": "#0"},
				"down": {"uv": [5.75, 9.5, 5.625, 9.75], "texture": "#0"}
			}
		},
		{
			"from": [1.5, 3, 0.5],
			"to": [4, 6, 1.25],
			"rotation": {"angle": 0, "axis": "y", "origin": [0, 0, 8]},
			"faces": {
				"north": {"uv": [1, 7.75, 1.375, 8.125], "texture": "#0"},
				"east": {"uv": [1.125, 9.375, 1.25, 9.75], "texture": "#0"},
				"south": {"uv": [1, 8.125, 1.375, 8.5], "texture": "#0"},
				"west": {"uv": [1.25, 9.375, 1.375, 9.75], "texture": "#0"},
				"up": {"uv": [6.5, 7.75, 6.125, 7.625], "texture": "#0"},
				"down": {"uv": [9.25, 5.5, 8.875, 5.625], "texture": "#0"}
			}
		},
		{
			"from": [12, 3, 0.5],
			"to": [14.5, 6, 1.25],
			"rotation": {"angle": 0, "axis": "y", "origin": [0, 0, 8]},
			"faces": {
				"north": {"uv": [1, 8.5, 1.375, 8.875], "texture": "#0"},
				"east": {"uv": [1.375, 9.375, 1.5, 9.75], "texture": "#0"},
				"south": {"uv": [5.125, 8.75, 5.5, 9.125], "texture": "#0"},
				"west": {"uv": [9.375, 3.75, 9.5, 4.125], "texture": "#0"},
				"up": {"uv": [9.25, 5.75, 8.875, 5.625], "texture": "#0"},
				"down": {"uv": [9.5, 2.875, 9.125, 3], "texture": "#0"}
			}
		},
		{
			"from": [1.5, 3, 30.5],
			"to": [4, 6, 31.25],
			"rotation": {"angle": 0, "axis": "y", "origin": [0, 0, 8]},
			"faces": {
				"north": {"uv": [8.875, 4.125, 9.25, 4.5], "texture": "#0"},
				"east": {"uv": [9.375, 5.125, 9.5, 5.5], "texture": "#0"},
				"south": {"uv": [8.875, 4.5, 9.25, 4.875], "texture": "#0"},
				"west": {"uv": [9.375, 7.75, 9.5, 8.125], "texture": "#0"},
				"up": {"uv": [9.75, 8.25, 9.375, 8.125], "texture": "#0"},
				"down": {"uv": [9.75, 8.25, 9.375, 8.375], "texture": "#0"}
			}
		},
		{
			"from": [12, 3, 30.5],
			"to": [14.5, 6, 31.25],
			"rotation": {"angle": 0, "axis": "y", "origin": [0, 0, 8]},
			"faces": {
				"north": {"uv": [5.5, 8.75, 5.875, 9.125], "texture": "#0"},
				"east": {"uv": [9.375, 4.125, 9.5, 4.5], "texture": "#0"},
				"south": {"uv": [8.875, 3.75, 9.25, 4.125], "texture": "#0"},
				"west": {"uv": [9.375, 4.5, 9.5, 4.875], "texture": "#0"},
				"up": {"uv": [9.625, 5.625, 9.25, 5.5], "texture": "#0"},
				"down": {"uv": [9.625, 5.625, 9.25, 5.75], "texture": "#0"}
			}
		},
		{
			"from": [0.5, 3, 10],
			"to": [1.5, 6, 12],
			"rotation": {"angle": 0, "axis": "y", "origin": [0, 0, 8]},
			"faces": {
				"north": {"uv": [0.625, 9.375, 0.75, 9.75], "texture": "#0"},
				"east": {"uv": [0.75, 9, 1, 9.375], "texture": "#0"},
				"south": {"uv": [0.75, 9.375, 0.875, 9.75], "texture": "#0"},
				"west": {"uv": [1, 9, 1.25, 9.375], "texture": "#0"},
				"up": {"uv": [5.375, 9.75, 5.25, 9.5], "texture": "#0"},
				"down": {"uv": [5.5, 9.5, 5.375, 9.75], "texture": "#0"}
			}
		},
		{
			"from": [0.5, 3, 20],
			"to": [1.5, 6, 22],
			"rotation": {"angle": 0, "axis": "y", "origin": [0, 0, 8]},
			"faces": {
				"north": {"uv": [0.375, 9.375, 0.5, 9.75], "texture": "#0"},
				"east": {"uv": [0.25, 9, 0.5, 9.375], "texture": "#0"},
				"south": {"uv": [0.5, 9.375, 0.625, 9.75], "texture": "#0"},
				"west": {"uv": [0.5, 9, 0.75, 9.375], "texture": "#0"},
				"up": {"uv": [5.25, 9.75, 5.125, 9.5], "texture": "#0"},
				"down": {"uv": [9.625, 5.125, 9.5, 5.375], "texture": "#0"}
			}
		},
		{
			"from": [0.5, 3, 30],
			"to": [1.5, 6, 31.25],
			"rotation": {"angle": 0, "axis": "y", "origin": [0, 0, 8]},
			"faces": {
				"north": {"uv": [9.25, 9.25, 9.375, 9.625], "texture": "#0"},
				"east": {"uv": [0, 9.375, 0.125, 9.75], "texture": "#0"},
				"south": {"uv": [0.125, 9.375, 0.25, 9.75], "texture": "#0"},
				"west": {"uv": [0.25, 9.375, 0.375, 9.75], "texture": "#0"},
				"up": {"uv": [9.75, 4.875, 9.625, 4.75], "texture": "#0"},
				"down": {"uv": [9.75, 5.125, 9.625, 5.25], "texture": "#0"}
			}
		},
		{
			"from": [0.5, 1, 0.5],
			"to": [1.5, 3, 31.25],
			"rotation": {"angle": 0, "axis": "y", "origin": [0, 0, 8]},
			"faces": {
				"north": {"uv": [7.5, 6.75, 7.625, 7], "texture": "#0"},
				"east": {"uv": [5.625, 3.5, 9.5, 3.75], "texture": "#0"},
				"south": {"uv": [9.375, 8.875, 9.5, 9.125], "texture": "#0"},
				"west": {"uv": [3.625, 6.75, 7.5, 7], "texture": "#0"},
				"up": {"uv": [4, 11, 3.875, 7.125], "texture": "#0"},
				"down": {"uv": [4.125, 7.125, 4, 11], "texture": "#0"}
			}
		},
		{
			"from": [1.5, 1, 0.5],
			"to": [14.5, 3, 1.25],
			"rotation": {"angle": 0, "axis": "y", "origin": [0, 0, 8]},
			"faces": {
				"north": {"uv": [3.625, 6, 5.25, 6.25], "texture": "#0"},
				"east": {"uv": [9.375, 9.125, 9.5, 9.375], "texture": "#0"},
				"south": {"uv": [3.625, 6.25, 5.25, 6.5], "texture": "#0"},
				"west": {"uv": [9.375, 9.375, 9.5, 9.625], "texture": "#0"},
				"up": {"uv": [10.25, 6.875, 8.625, 6.75], "texture": "#0"},
				"down": {"uv": [10.25, 6.875, 8.625, 7], "texture": "#0"}
			}
		},
		{
			"from": [1.5, 1, 30.5],
			"to": [14.5, 3, 31.25],
			"rotation": {"angle": 0, "axis": "y", "origin": [0, 0, 8]},
			"faces": {
				"north": {"uv": [3.625, 6.5, 5.25, 6.75], "texture": "#0"},
				"east": {"uv": [9.5, 2.875, 9.625, 3.125], "texture": "#0"},
				"south": {"uv": [7.125, 1.375, 8.75, 1.625], "texture": "#0"},
				"west": {"uv": [9.5, 3.125, 9.625, 3.375], "texture": "#0"},
				"up": {"uv": [10.25, 7.125, 8.625, 7], "texture": "#0"},
				"down": {"uv": [8.75, 8.625, 7.125, 8.75], "texture": "#0"}
			}
		},
		{
			"from": [14.5, 6, 0.5],
			"to": [15.5, 8, 31.25],
			"rotation": {"angle": 0, "axis": "y", "origin": [0, 0, 8]},
			"faces": {
				"north": {"uv": [9.625, 3.125, 9.75, 3.375], "texture": "#0"},
				"east": {"uv": [6.75, 6.25, 10.625, 6.5], "texture": "#0"},
				"south": {"uv": [9.625, 3.375, 9.75, 3.625], "texture": "#0"},
				"west": {"uv": [6.75, 6.5, 10.625, 6.75], "texture": "#0"},
				"up": {"uv": [4.5, 11, 4.375, 7.125], "texture": "#0"},
				"down": {"uv": [4.625, 7.125, 4.5, 11], "texture": "#0"}
			}
		},
		{
			"from": [1.5, 6, 0.5],
			"to": [14.5, 8, 1.25],
			"rotation": {"angle": 0, "axis": "y", "origin": [0, 0, 8]},
			"faces": {
				"north": {"uv": [7.125, 2.125, 8.75, 2.375], "texture": "#0"},
				"east": {"uv": [9.5, 9.375, 9.625, 9.625], "texture": "#0"},
				"south": {"uv": [7.125, 2.375, 8.75, 2.625], "texture": "#0"},
				"west": {"uv": [9.625, 2.875, 9.75, 3.125], "texture": "#0"},
				"up": {"uv": [10.375, 1.75, 8.75, 1.625], "texture": "#0"},
				"down": {"uv": [10.375, 1.75, 8.75, 1.875], "texture": "#0"}
			}
		},
		{
			"from": [0.5, 6, 0.5],
			"to": [1.5, 8, 31.25],
			"rotation": {"angle": 0, "axis": "y", "origin": [0, 0, 8]},
			"faces": {
				"north": {"uv": [9.5, 8.875, 9.625, 9.125], "texture": "#0"},
				"east": {"uv": [6.75, 5.75, 10.625, 6], "texture": "#0"},
				"south": {"uv": [9.5, 9.125, 9.625, 9.375], "texture": "#0"},
				"west": {"uv": [6.75, 6, 10.625, 6.25], "texture": "#0"},
				"up": {"uv": [4.25, 11, 4.125, 7.125], "texture": "#0"},
				"down": {"uv": [4.375, 7.125, 4.25, 11], "texture": "#0"}
			}
		},
		{
			"from": [1.5, 6, 30.5],
			"to": [14.5, 8, 31.25],
			"rotation": {"angle": 0, "axis": "y", "origin": [0, 0, 8]},
			"faces": {
				"north": {"uv": [7.125, 1.625, 8.75, 1.875], "texture": "#0"},
				"east": {"uv": [5.75, 9.5, 5.875, 9.75], "texture": "#0"},
				"south": {"uv": [7.125, 1.875, 8.75, 2.125], "texture": "#0"},
				"west": {"uv": [9.5, 7.75, 9.625, 8], "texture": "#0"},
				"up": {"uv": [10.375, 1.5, 8.75, 1.375], "texture": "#0"},
				"down": {"uv": [10.375, 1.5, 8.75, 1.625], "texture": "#0"}
			}
		},
		{
			"from": [14, 3, 2],
			"to": [15, 6, 10],
			"rotation": {"angle": 0, "axis": "y", "origin": [0, 0, 8]},
			"faces": {
				"north": {"uv": [5.125, 9.125, 5.25, 9.5], "texture": "#0"},
				"east": {"uv": [6.75, 7.375, 7.75, 7.75], "texture": "#0"},
				"south": {"uv": [9.125, 5.125, 9.25, 5.5], "texture": "#0"},
				"west": {"uv": [5.125, 7.625, 6.125, 8], "texture": "#0"},
				"up": {"uv": [1.5, 8.75, 1.375, 7.75], "texture": "#0"},
				"down": {"uv": [1.625, 7.75, 1.5, 8.75], "texture": "#0"}
			}
		},
		{
			"from": [14, 3, 12],
			"to": [15, 6, 20],
			"rotation": {"angle": 0, "axis": "y", "origin": [0, 0, 8]},
			"faces": {
				"north": {"uv": [5.25, 9.125, 5.375, 9.5], "texture": "#0"},
				"east": {"uv": [7.625, 6.75, 8.625, 7.125], "texture": "#0"},
				"south": {"uv": [5.375, 9.125, 5.5, 9.5], "texture": "#0"},
				"west": {"uv": [0, 7.75, 1, 8.125], "texture": "#0"},
				"up": {"uv": [1.625, 9.75, 1.5, 8.75], "texture": "#0"},
				"down": {"uv": [6, 8.75, 5.875, 9.75], "texture": "#0"}
			}
		},
		{
			"from": [4, 3, 1],
			"to": [12, 6, 2],
			"rotation": {"angle": 0, "axis": "y", "origin": [0, 0, 8]},
			"faces": {
				"north": {"uv": [7.75, 7.375, 8.75, 7.75], "texture": "#0"},
				"east": {"uv": [5.75, 9.125, 5.875, 9.5], "texture": "#0"},
				"south": {"uv": [5.125, 8, 6.125, 8.375], "texture": "#0"},
				"west": {"uv": [9.125, 7.75, 9.25, 8.125], "texture": "#0"},
				"up": {"uv": [5, 3.875, 4, 3.75], "texture": "#0"},
				"down": {"uv": [5, 3.875, 4, 4], "texture": "#0"}
			}
		},
		{
			"from": [4, 3, 30],
			"to": [12, 6, 31],
			"rotation": {"angle": 0, "axis": "y", "origin": [0, 0, 8]},
			"faces": {
				"north": {"uv": [0, 8.5, 1, 8.875], "texture": "#0"},
				"east": {"uv": [8, 9.25, 8.125, 9.625], "texture": "#0"},
				"south": {"uv": [6.125, 8.5, 7.125, 8.875], "texture": "#0"},
				"west": {"uv": [8.125, 9.25, 8.25, 9.625], "texture": "#0"},
				"up": {"uv": [9.875, 5, 8.875, 4.875], "texture": "#0"},
				"down": {"uv": [9.875, 5, 8.875, 5.125], "texture": "#0"}
			}
		},
		{
			"from": [14, 3, 22],
			"to": [15, 6, 30],
			"rotation": {"angle": 0, "axis": "y", "origin": [0, 0, 8]},
			"faces": {
				"north": {"uv": [5.5, 9.125, 5.625, 9.5], "texture": "#0"},
				"east": {"uv": [6.125, 7.75, 7.125, 8.125], "texture": "#0"},
				"south": {"uv": [5.625, 9.125, 5.75, 9.5], "texture": "#0"},
				"west": {"uv": [7.125, 7.75, 8.125, 8.125], "texture": "#0"},
				"up": {"uv": [6.125, 9.75, 6, 8.75], "texture": "#0"},
				"down": {"uv": [6.25, 8.875, 6.125, 9.875], "texture": "#0"}
			}
		},
		{
			"from": [1, 3, 2],
			"to": [2, 6, 10],
			"rotation": {"angle": 0, "axis": "y", "origin": [0, 0, 8]},
			"faces": {
				"north": {"uv": [9.25, 5.125, 9.375, 5.5], "texture": "#0"},
				"east": {"uv": [8.125, 8.125, 9.125, 8.5], "texture": "#0"},
				"south": {"uv": [9.25, 7.75, 9.375, 8.125], "texture": "#0"},
				"west": {"uv": [5.125, 8.375, 6.125, 8.75], "texture": "#0"},
				"up": {"uv": [6.875, 9.875, 6.75, 8.875], "texture": "#0"},
				"down": {"uv": [7, 8.875, 6.875, 9.875], "texture": "#0"}
			}
		},
		{
			"from": [1, 3, 12],
			"to": [2, 6, 20],
			"rotation": {"angle": 0, "axis": "y", "origin": [0, 0, 8]},
			"faces": {
				"north": {"uv": [9.25, 4.125, 9.375, 4.5], "texture": "#0"},
				"east": {"uv": [7.125, 8.125, 8.125, 8.5], "texture": "#0"},
				"south": {"uv": [9.25, 4.5, 9.375, 4.875], "texture": "#0"},
				"west": {"uv": [8.125, 7.75, 9.125, 8.125], "texture": "#0"},
				"up": {"uv": [6.625, 9.875, 6.5, 8.875], "texture": "#0"},
				"down": {"uv": [6.75, 8.875, 6.625, 9.875], "texture": "#0"}
			}
		},
		{
			"from": [1, 3, 22],
			"to": [2, 6, 30],
			"rotation": {"angle": 0, "axis": "y", "origin": [0, 0, 8]},
			"faces": {
				"north": {"uv": [9.125, 8.125, 9.25, 8.5], "texture": "#0"},
				"east": {"uv": [0, 8.125, 1, 8.5], "texture": "#0"},
				"south": {"uv": [9.25, 3.75, 9.375, 4.125], "texture": "#0"},
				"west": {"uv": [6.125, 8.125, 7.125, 8.5], "texture": "#0"},
				"up": {"uv": [6.375, 9.875, 6.25, 8.875], "texture": "#0"},
				"down": {"uv": [6.5, 8.875, 6.375, 9.875], "texture": "#0"}
			}
		},
		{
			"from": [1.5, 1, 1.25],
			"to": [2.25, 8.75, 30.5],
			"rotation": {"angle": 0, "axis": "y", "origin": [0, 0, 8]},
			"faces": {
				"north": {"uv": [7, 8.875, 7.125, 9.875], "texture": "#0"},
				"east": {"uv": [1.625, 4, 5.25, 5], "texture": "#0"},
				"south": {"uv": [7.125, 8.875, 7.25, 9.875], "texture": "#0"},
				"west": {"uv": [1.625, 5, 5.25, 6], "texture": "#0"},
				"up": {"uv": [4.75, 10.75, 4.625, 7.125], "texture": "#0"},
				"down": {"uv": [4.875, 7.125, 4.75, 10.75], "texture": "#0"}
			}
		},
		{
			"from": [13.75, 1, 1.25],
			"to": [14.5, 8.75, 30.5],
			"rotation": {"angle": 0, "axis": "y", "origin": [0, 0, 8]},
			"faces": {
				"north": {"uv": [7.25, 8.875, 7.375, 9.875], "texture": "#0"},
				"east": {"uv": [5.25, 3.75, 8.875, 4.75], "texture": "#0"},
				"south": {"uv": [7.375, 8.875, 7.5, 9.875], "texture": "#0"},
				"west": {"uv": [5.25, 4.75, 8.875, 5.75], "texture": "#0"},
				"up": {"uv": [5, 10.75, 4.875, 7.125], "texture": "#0"},
				"down": {"uv": [5.125, 7.125, 5, 10.75], "texture": "#0"}
			}
		},
		{
			"from": [2.25, 1, 1.25],
			"to": [13.75, 8.75, 2.25],
			"rotation": {"angle": 0, "axis": "y", "origin": [0, 0, 8]},
			"faces": {
				"north": {"uv": [5.625, 0, 7.125, 1], "texture": "#0"},
				"east": {"uv": [7.5, 8.875, 7.625, 9.875], "texture": "#0"},
				"south": {"uv": [5.625, 1, 7.125, 2], "texture": "#0"},
				"west": {"uv": [7.625, 8.875, 7.75, 9.875], "texture": "#0"},
				"up": {"uv": [10.25, 8.625, 8.75, 8.5], "texture": "#0"},
				"down": {"uv": [10.25, 8.625, 8.75, 8.75], "texture": "#0"}
			}
		},
		{
			"from": [0, 1.5, 24],
			"to": [1, 2.5, 28],
			"rotation": {"angle": 0, "axis": "y", "origin": [0, 0, 8]},
			"faces": {
				"north": {"uv": [15.375, 3.75, 15.5, 3.875], "texture": "#0"},
				"east": {"uv": [15.5, 3.25, 16, 3.375], "texture": "#0"},
				"south": {"uv": [15.625, 3.375, 15.75, 3.5], "texture": "#0"},
				"west": {"uv": [15.5, 3.125, 16, 3.25], "texture": "#0"},
				"up": {"uv": [15.375, 3.25, 15.5, 3.75], "texture": "#0"},
				"down": {"uv": [15.5, 3.375, 15.625, 3.875], "texture": "#0"}
			}
		},
		{
			"from": [0, 1.5, 14],
			"to": [1, 2.5, 18],
			"rotation": {"angle": 0, "axis": "y", "origin": [0, 0, 8]},
			"faces": {
				"north": {"uv": [15.375, 3.75, 15.5, 3.875], "texture": "#0"},
				"east": {"uv": [15.5, 3.25, 16, 3.375], "texture": "#0"},
				"south": {"uv": [15.625, 3.375, 15.75, 3.5], "texture": "#0"},
				"west": {"uv": [15.5, 3.125, 16, 3.25], "texture": "#0"},
				"up": {"uv": [15.375, 3.25, 15.5, 3.75], "texture": "#0"},
				"down": {"uv": [15.5, 3.375, 15.625, 3.875], "texture": "#0"}
			}
		},
		{
			"from": [0, 1.5, 4],
			"to": [1, 2.5, 8],
			"rotation": {"angle": 0, "axis": "y", "origin": [0, 0, 8]},
			"faces": {
				"north": {"uv": [15.375, 3.75, 15.5, 3.875], "texture": "#0"},
				"east": {"uv": [15.5, 3.25, 16, 3.375], "texture": "#0"},
				"south": {"uv": [15.625, 3.375, 15.75, 3.5], "texture": "#0"},
				"west": {"uv": [15.5, 3.125, 16, 3.25], "texture": "#0"},
				"up": {"uv": [15.375, 3.25, 15.5, 3.75], "texture": "#0"},
				"down": {"uv": [15.5, 3.375, 15.625, 3.875], "texture": "#0"}
			}
		},
		{
			"from": [15, 1.5, 4],
			"to": [16, 2.5, 8],
			"rotation": {"angle": 0, "axis": "y", "origin": [0, 0, 8]},
			"faces": {
				"north": {"uv": [15.375, 3.75, 15.5, 3.875], "texture": "#0"},
				"east": {"uv": [15.5, 3.25, 16, 3.375], "texture": "#0"},
				"south": {"uv": [15.625, 3.375, 15.75, 3.5], "texture": "#0"},
				"west": {"uv": [0, 0, 0.5, 0.125], "texture": "#missing"},
				"up": {"uv": [15.375, 3.25, 15.5, 3.75], "texture": "#0"},
				"down": {"uv": [15.5, 3.375, 15.625, 3.875], "texture": "#0"}
			}
		},
		{
			"from": [15, 1.5, 14],
			"to": [16, 2.5, 18],
			"rotation": {"angle": 0, "axis": "y", "origin": [0, 0, 8]},
			"faces": {
				"north": {"uv": [15.375, 3.75, 15.5, 3.875], "texture": "#0"},
				"east": {"uv": [15.5, 3.25, 16, 3.375], "texture": "#0"},
				"south": {"uv": [15.625, 3.375, 15.75, 3.5], "texture": "#0"},
				"west": {"uv": [0, 0, 0.5, 0.125], "texture": "#missing"},
				"up": {"uv": [15.375, 3.25, 15.5, 3.75], "texture": "#0"},
				"down": {"uv": [15.5, 3.375, 15.625, 3.875], "texture": "#0"}
			}
		},
		{
			"from": [15, 1.5, 24],
			"to": [16, 2.5, 28],
			"rotation": {"angle": 0, "axis": "y", "origin": [0, 0, 8]},
			"faces": {
				"north": {"uv": [15.375, 3.75, 15.5, 3.875], "texture": "#0"},
				"east": {"uv": [15.5, 3.25, 16, 3.375], "texture": "#0"},
				"south": {"uv": [15.625, 3.375, 15.75, 3.5], "texture": "#0"},
				"west": {"uv": [0, 0, 0.5, 0.125], "texture": "#missing"},
				"up": {"uv": [15.375, 3.25, 15.5, 3.75], "texture": "#0"},
				"down": {"uv": [15.5, 3.375, 15.625, 3.875], "texture": "#0"}
			}
		},
		{
			"from": [2.25, 1, 29.5],
			"to": [13.75, 8.75, 30.5],
			"rotation": {"angle": 0, "axis": "y", "origin": [0, 0, 8]},
			"faces": {
				"north": {"uv": [5.625, 2, 7.125, 3], "texture": "#0"},
				"east": {"uv": [7.75, 8.875, 7.875, 9.875], "texture": "#0"},
				"south": {"uv": [5.25, 5.75, 6.75, 6.75], "texture": "#0"},
				"west": {"uv": [7.875, 8.875, 8, 9.875], "texture": "#0"},
				"up": {"uv": [10.25, 8.875, 8.75, 8.75], "texture": "#0"},
				"down": {"uv": [1.5, 8.875, 0, 9], "texture": "#0"}
			}
		},
		{
			"from": [3.25, 3.25, 27.25],
			"to": [12.75, 5.25, 29.25],
			"rotation": {"angle": 0, "axis": "y", "origin": [8, 3, 27]},
			"faces": {
				"north": {"uv": [14.78125, 1.25, 16, 1.5], "texture": "#0"},
				"east": {"uv": [3.375, 11.375, 3.625, 11.625], "texture": "#0"},
				"south": {"uv": [0, 9.75, 1.21875, 10], "texture": "#0"},
				"west": {"uv": [1.625, 10, 1.875, 10.25], "texture": "#0"},
				"up": {"uv": [0, 10, 1.21875, 10.25], "texture": "#0"},
				"down": {"uv": [0, 12.25, 1.21875, 12.5], "texture": "#0"}
			}
		},
		{
			"from": [3, 2, 24],
			"to": [13, 5, 29],
			"rotation": {"angle": -22.5, "axis": "x", "origin": [8, 3, 27]},
			"faces": {
				"north": {"uv": [7, 9.625, 8.25, 10], "texture": "#0"},
				"east": {"uv": [2.625, 11.875, 3.25, 12.25], "texture": "#0"},
				"south": {"uv": [3.125, 13.125, 4.375, 13.5], "texture": "#0"},
				"west": {"uv": [2.625, 10.25, 3.25, 10.625], "texture": "#0"},
				"up": {"uv": [0, 10.25, 1.25, 10.875], "texture": "#0"},
				"down": {"uv": [0, 11.625, 1.25, 12.25], "texture": "#0"}
			}
		},
		{
			"from": [3.25, 3.25, 23],
			"to": [12.75, 5.5, 25],
			"rotation": {"angle": -45, "axis": "x", "origin": [8, 3, 27]},
			"faces": {
				"north": {"uv": [0, 11.125, 1.1875, 11.40625], "texture": "#0"},
				"east": {"uv": [3.375, 11.375, 3.625, 11.65625], "texture": "#0"},
				"south": {"uv": [14.5, 13.25, 15.6875, 13.53125], "texture": "#0"},
				"west": {"uv": [3.125, 11.375, 3.375, 11.65625], "texture": "#0"},
				"up": {"uv": [0, 10.875, 1.1875, 11.125], "texture": "#0"},
				"down": {"uv": [0, 11.40625, 1.1875, 11.625], "texture": "#0"}
			}
		}
	],
	"groups": [
		{
			"name": "body",
			"origin": [8, 8, 8],
			"color": 0,
			"nbt": "{}",
			"armAnimationEnabled": false,
			"children": [0, 1, 2, 3, 4, 5, 6, 7, 8, 9, 10, 11, 12, 13, 14, 15, 16, 17, 18, 19, 20, 21, 22, 23, 24, 25, 26, 27, 28, 29, 30, 31, 32, 33, 34, 35, 36, 37, 38, 39, 40, 41, 42]
		},
		{
			"name": "pillow",
			"origin": [8, 3, 19],
			"color": 0,
			"nbt": "{}",
			"armAnimationEnabled": false,
			"children": [43, 44, 45]
		}
	]
}