{
	"credit": "Made with Blockbench",
	"textures": {
		"0": "block/stripped_spruce_log",
		"particle": "block/stripped_spruce_log"
	},
	"render_type": "minecraft:cutout",
	"elements": [
		{
			"from": [1, 0, 1],
			"to": [15, 2, 15],
			"rotation": {"angle": 0, "axis": "y", "origin": [9, 8, 9]},
			"faces": {
				"north": {"uv": [0, 0, 14, 2], "texture": "#0"},
				"east": {"uv": [0, 0, 14, 2], "texture": "#0"},
				"south": {"uv": [0, 0, 14, 2], "texture": "#0"},
				"west": {"uv": [0, 0, 14, 2], "texture": "#0"},
				"up": {"uv": [0, 0, 14, 14], "texture": "#0"},
				"down": {"uv": [0, 0, 14, 14], "texture": "#0"}
			}
		},
		{
			"from": [3, 2, 3],
			"to": [13, 3, 13],
			"rotation": {"angle": 0, "axis": "y", "origin": [9, 9, 9]},
			"faces": {
				"north": {"uv": [0, 0, 10, 1], "texture": "#0"},
				"east": {"uv": [0, 0, 10, 1], "texture": "#0"},
				"south": {"uv": [0, 0, 10, 1], "texture": "#0"},
				"west": {"uv": [0, 0, 10, 1], "texture": "#0"},
				"up": {"uv": [0, 0, 10, 10], "texture": "#0"},
				"down": {"uv": [0, 0, 10, 10], "texture": "#0"}
			}
		},
		{
			"from": [6, 3, 6],
			"to": [10, 30, 10],
			"rotation": {"angle": 0, "axis": "y", "origin": [16, 23, 15]},
			"faces": {
				"north": {"uv": [0, 0, 4, 15], "texture": "#0"},
				"east": {"uv": [0, 0, 4, 15], "texture": "#0"},
				"south": {"uv": [0, 0, 4, 15], "texture": "#0"},
				"west": {"uv": [0, 0, 4, 15], "texture": "#0"},
				"up": {"uv": [0, 0, 4, 4], "texture": "#0"},
				"down": {"uv": [0, 0, 4, 4], "texture": "#0"}
			}
		},
		{
			"from": [10, 19, 6],
			"to": [16, 23, 10],
			"rotation": {"angle": 0, "axis": "y", "origin": [6, 29, 15]},
			"faces": {
				"north": {"uv": [0, 0, 4, 6], "rotation": 90, "texture": "#0"},
				"east": {"uv": [0, 0, 4, 4], "rotation": 270, "texture": "#0"},
				"south": {"uv": [0, 0, 4, 6], "rotation": 270, "texture": "#0"},
				"west": {"uv": [0, 0, 4, 4], "rotation": 270, "texture": "#0"},
				"up": {"uv": [0, 0, 4, 6], "rotation": 270, "texture": "#0"},
				"down": {"uv": [0, 0, 4, 6], "rotation": 270, "texture": "#0"}
			}
		},
		{
			"from": [0, 19, 6],
			"to": [6, 23, 10],
			"rotation": {"angle": 0, "axis": "y", "origin": [-2, 29, 15]},
			"faces": {
				"north": {"uv": [0, 0, 4, 6], "rotation": 90, "texture": "#0"},
				"east": {"uv": [0, 0, 4, 4], "rotation": 270, "texture": "#0"},
				"south": {"uv": [0, 0, 4, 6], "rotation": 270, "texture": "#0"},
				"west": {"uv": [0, 0, 4, 4], "rotation": 270, "texture": "#0"},
				"up": {"uv": [0, 0, 4, 6], "rotation": 270, "texture": "#0"},
				"down": {"uv": [0, 0, 4, 6], "rotation": 270, "texture": "#0"}
			}
		},
		{
			"from": [0, 23, 7],
			"to": [2, 32, 9],
			"rotation": {"angle": -45, "axis": "z", "origin": [0, 23, 8]},
			"faces": {
				"north": {"uv": [0, 0, 2, 9], "texture": "#0"},
				"east": {"uv": [0, 0, 2, 9], "texture": "#0"},
				"south": {"uv": [0, 0, 2, 9], "texture": "#0"},
				"west": {"uv": [0, 0, 2, 9], "texture": "#0"},
				"up": {"uv": [0, 0, 2, 2], "texture": "#0"},
				"down": {"uv": [0, 0, 2, 2], "texture": "#0"}
			}
		},
		{
			"from": [14, 23, 7],
			"to": [16, 32, 9],
			"rotation": {"angle": 45, "axis": "z", "origin": [16, 23, 8]},
			"faces": {
				"north": {"uv": [0, 0, 2, 9], "rotation": 180, "texture": "#0"},
				"east": {"uv": [0, 0, 2, 9], "rotation": 180, "texture": "#0"},
				"south": {"uv": [0, 0, 2, 9], "rotation": 180, "texture": "#0"},
				"west": {"uv": [0, 0, 2, 9], "rotation": 180, "texture": "#0"},
				"up": {"uv": [0, 0, 2, 2], "rotation": 180, "texture": "#0"},
				"down": {"uv": [0, 0, 2, 2], "rotation": 180, "texture": "#0"}
			}
		},
		{
			"from": [14, 10, 7],
			"to": [16, 19, 9],
			"rotation": {"angle": -45, "axis": "z", "origin": [16, 19, 8]},
			"faces": {
				"north": {"uv": [0, 0, 2, 9], "rotation": 180, "texture": "#0"},
				"east": {"uv": [0, 0, 2, 9], "rotation": 180, "texture": "#0"},
				"south": {"uv": [0, 0, 2, 9], "rotation": 180, "texture": "#0"},
				"west": {"uv": [0, 0, 2, 9], "rotation": 180, "texture": "#0"},
				"up": {"uv": [0, 0, 2, 2], "rotation": 180, "texture": "#0"},
				"down": {"uv": [0, 0, 2, 2], "rotation": 180, "texture": "#0"}
			}
		},
		{
			"from": [0, 10, 7],
			"to": [2, 19, 9],
			"rotation": {"angle": 45, "axis": "z", "origin": [0, 19, 8]},
			"faces": {
				"north": {"uv": [0, 0, 2, 9], "rotation": 180, "texture": "#0"},
				"east": {"uv": [0, 0, 2, 9], "rotation": 180, "texture": "#0"},
				"south": {"uv": [0, 0, 2, 9], "rotation": 180, "texture": "#0"},
				"west": {"uv": [0, 0, 2, 9], "rotation": 180, "texture": "#0"},
				"up": {"uv": [0, 0, 2, 2], "rotation": 180, "texture": "#0"},
				"down": {"uv": [0, 0, 2, 2], "rotation": 180, "texture": "#0"}
			}
		}
	],
	"display": {
		"thirdperson_righthand": {
			"rotation": [75, 55, -21],
			"translation": [0, 2.25, 1],
			"scale": [0.2, 0.2, 0.2]
		},
		"thirdperson_lefthand": {
			"rotation": [75, 55, -21],
			"translation": [0, 2.25, 1],
			"scale": [0.2, 0.2, 0.2]
		},
		"firstperson_righthand": {
			"rotation": [0, 109, 0],
			"scale": [0.2, 0.2, 0.2]
		},
		"firstperson_lefthand": {
			"rotation": [0, 109, 0],
			"scale": [0.2, 0.2, 0.2]
		},
		"ground": {
			"scale": [0.15, 0.15, 0.15]
		},
		"gui": {
			"rotation": [-1, -180, 0],
			"translation": [0, -2.75, 0],
			"scale": [0.4, 0.4, 0.4]
		},
		"fixed": {
			"translation": [0, -2.75, 0],
			"scale": [0.5, 0.5, 0.5]
		}
	},
	"groups": [
		{
			"name": "VoxelShapes",
			"origin": [8, 8, 8],
			"children": [0, 1, 2, 3, 4, 5, 6, 7, 8]
		}
	]
}