{
  "parent": "minecraft:block/block",
  "elements": [
    {
      "faces": {
        "down": {
          "texture": "#bottom"
        },
        "east": {
          "texture": "#side"
        },
        "north": {
          "texture": "#side"
        },
        "south": {
          "texture": "#side"
        },
        "up": {
          "texture": "#top"
        },
        "west": {
          "texture": "#side"
        }
      },
      "from": [
        0,
        0,
        0
      ],
      "to": [
        16,
        15,
        16
      ]
    }
  ],
  "render_type": "minecraft:cutout",
  "textures": {
    "bottom": "vampirism:block/cursed_earth_path_top",
    "particle": "vampirism:block/cursed_earth_path_side",
    "side": "vampirism:block/cursed_earth_path_side",
    "top": "vampirism:block/cursed_earth_path_top"
  }
}