{
	"textures": {
		"0": "vampirism:block/cursed_bark",
		"1": "vampirism:block/dark_spruce_log",
		"particle": "vampirism:block/cursed_bark"
	},
	"elements": [
		{
			"from": [0, 0, 0],
			"to": [1, 8, 1],
			"faces": {
				"east": {"uv": [15, 8, 16, 16], "texture": "#1"},
				"south": {"uv": [0, 8, 1, 16], "texture": "#0"},
				"west": {"uv": [0, 8, 1, 16], "texture": "#1"},
				"up": {"uv": [0, 0, 1, 1], "texture": "#1"},
				"down": {"uv": [0, 15, 1, 16], "texture": "#1"}
			}
		},
		{
			"from": [1, 0, 0],
			"to": [2, 3, 1],
			"faces": {
				"east": {"uv": [15, 13, 16, 16], "texture": "#1"},
				"south": {"uv": [1, 13, 2, 16], "texture": "#0"},
				"west": {"uv": [0, 13, 1, 16], "texture": "#1"},
				"up": {"uv": [1, 13, 2, 14], "texture": "#1"},
				"down": {"uv": [1, 15, 2, 16], "texture": "#1"}
			}
		},
		{
			"from": [1, 5, 0],
			"to": [2, 7, 1],
			"faces": {
				"east": {"uv": [15, 9, 16, 11], "texture": "#1"},
				"south": {"uv": [1, 9, 2, 11], "texture": "#0"},
				"west": {"uv": [0, 9, 1, 11], "texture": "#1"},
				"up": {"uv": [1, 0, 2, 1], "texture": "#1"},
				"down": {"uv": [1, 15, 2, 16], "texture": "#1"}
			}
		},
		{
			"from": [1, 8, 0],
			"to": [2, 11, 1],
			"faces": {
				"east": {"uv": [15, 5, 16, 8], "texture": "#1"},
				"south": {"uv": [1, 5, 2, 8], "texture": "#0"},
				"west": {"uv": [0, 5, 1, 8], "texture": "#1"},
				"up": {"uv": [1, 0, 2, 1], "texture": "#1"},
				"down": {"uv": [1, 15, 2, 16], "texture": "#1"}
			}
		},
		{
			"from": [0, 10, 0],
			"to": [1, 16, 1],
			"faces": {
				"east": {"uv": [15, 0, 16, 6], "texture": "#1"},
				"south": {"uv": [0, 0, 1, 6], "texture": "#0"},
				"west": {"uv": [0, 0, 1, 6], "texture": "#1"},
				"up": {"uv": [0, 0, 1, 1], "texture": "#1"},
				"down": {"uv": [0, 15, 1, 16], "texture": "#1"}
			}
		},
		{
			"from": [3, 0, 0],
			"to": [4, 11, 1],
			"faces": {
				"east": {"uv": [15, 5, 16, 16], "texture": "#1"},
				"south": {"uv": [3, 5, 4, 16], "texture": "#0"},
				"west": {"uv": [0, 5, 1, 16], "texture": "#1"},
				"up": {"uv": [3, 0, 4, 1], "texture": "#1"},
				"down": {"uv": [3, 15, 4, 16], "texture": "#1"}
			}
		},
		{
			"from": [5, 0, 0],
			"to": [6, 3, 1],
			"faces": {
				"east": {"uv": [15, 13, 16, 16], "texture": "#1"},
				"south": {"uv": [5, 13, 6, 16], "texture": "#0"},
				"west": {"uv": [0, 13, 1, 16], "texture": "#1"},
				"up": {"uv": [5, 0, 6, 1], "texture": "#1"},
				"down": {"uv": [5, 15, 6, 16], "texture": "#1"}
			}
		},
		{
			"from": [6, 0, 0],
			"to": [7, 6, 1],
			"faces": {
				"east": {"uv": [15, 10, 16, 16], "texture": "#1"},
				"south": {"uv": [6, 10, 7, 16], "texture": "#0"},
				"west": {"uv": [0, 10, 1, 16], "texture": "#1"},
				"up": {"uv": [6, 0, 7, 1], "texture": "#1"},
				"down": {"uv": [6, 15, 7, 16], "texture": "#1"}
			}
		},
		{
			"from": [10, 0, 0],
			"to": [11, 16, 1],
			"faces": {
				"east": {"uv": [15, 0, 16, 16], "texture": "#1"},
				"south": {"uv": [10, 0, 11, 16], "texture": "#0"},
				"west": {"uv": [0, 0, 1, 16], "texture": "#1"},
				"up": {"uv": [10, 0, 11, 1], "texture": "#1"},
				"down": {"uv": [10, 15, 11, 16], "texture": "#1"}
			}
		},
		{
			"from": [11, 0, 0],
			"to": [12, 1, 1],
			"faces": {
				"east": {"uv": [15, 15, 16, 16], "texture": "#1"},
				"south": {"uv": [11, 15, 12, 16], "texture": "#0"},
				"west": {"uv": [0, 15, 1, 16], "texture": "#1"},
				"up": {"uv": [11, 0, 12, 1], "texture": "#1"},
				"down": {"uv": [11, 15, 12, 16], "texture": "#1"}
			}
		},
		{
			"from": [13, 0, 0],
			"to": [14, 7, 1],
			"faces": {
				"east": {"uv": [15, 9, 16, 16], "texture": "#1"},
				"south": {"uv": [13, 9, 14, 16], "texture": "#0"},
				"west": {"uv": [0, 9, 1, 16], "texture": "#1"},
				"up": {"uv": [13, 0, 14, 1], "texture": "#1"},
				"down": {"uv": [13, 15, 14, 16], "texture": "#1"}
			}
		},
		{
			"from": [14, 0, 0],
			"to": [15, 3, 1],
			"faces": {
				"east": {"uv": [15, 13, 16, 16], "texture": "#1"},
				"south": {"uv": [14, 13, 15, 16], "texture": "#0"},
				"west": {"uv": [0, 13, 1, 16], "texture": "#1"},
				"up": {"uv": [14, 0, 15, 1], "texture": "#1"},
				"down": {"uv": [14, 15, 15, 16], "texture": "#1"}
			}
		},
		{
			"from": [8, 0, 0],
			"to": [9, 16, 1],
			"faces": {
				"east": {"uv": [15, 0, 16, 16], "texture": "#1"},
				"south": {"uv": [8, 0, 9, 16], "texture": "#0"},
				"west": {"uv": [0, 0, 1, 16], "texture": "#1"},
				"up": {"uv": [8, 0, 9, 1], "texture": "#1"},
				"down": {"uv": [8, 15, 9, 16], "texture": "#1"}
			}
		},
		{
			"from": [2, 3, 0],
			"to": [3, 6, 1],
			"faces": {
				"east": {"uv": [15, 10, 16, 13], "texture": "#1"},
				"south": {"uv": [2, 10, 3, 13], "texture": "#0"},
				"west": {"uv": [0, 10, 1, 13], "texture": "#1"},
				"up": {"uv": [2, 0, 3, 1], "texture": "#1"},
				"down": {"uv": [2, 15, 3, 16], "texture": "#1"}
			}
		},
		{
			"from": [2, 11, 0],
			"to": [3, 13, 1],
			"faces": {
				"east": {"uv": [15, 3, 16, 5], "texture": "#1"},
				"south": {"uv": [2, 3, 3, 5], "texture": "#0"},
				"west": {"uv": [0, 3, 1, 5], "texture": "#1"},
				"up": {"uv": [2, 0, 3, 1], "texture": "#1"},
				"down": {"uv": [2, 15, 3, 16], "texture": "#1"}
			}
		},
		{
			"from": [2, 14, 0],
			"to": [3, 16, 1],
			"faces": {
				"east": {"uv": [15, 0, 16, 2], "texture": "#1"},
				"south": {"uv": [2, 0, 3, 2], "texture": "#0"},
				"west": {"uv": [0, 0, 1, 2], "texture": "#1"},
				"up": {"uv": [2, 0, 3, 1], "texture": "#1"},
				"down": {"uv": [2, 15, 3, 16], "texture": "#1"}
			}
		},
		{
			"from": [3, 15, 0],
			"to": [4, 16, 1],
			"faces": {
				"east": {"uv": [15, 0, 16, 1], "texture": "#1"},
				"south": {"uv": [3, 0, 4, 1], "texture": "#0"},
				"west": {"uv": [0, 0, 1, 1], "texture": "#1"},
				"up": {"uv": [3, 0, 4, 1], "texture": "#1"},
				"down": {"uv": [3, 15, 4, 16], "texture": "#1"}
			}
		},
		{
			"from": [4, 1, 0],
			"to": [5, 16, 1],
			"faces": {
				"east": {"uv": [15, 0, 16, 15], "texture": "#1"},
				"south": {"uv": [4, 0, 5, 15], "texture": "#0"},
				"west": {"uv": [0, 0, 1, 15], "texture": "#1"},
				"up": {"uv": [4, 0, 5, 1], "texture": "#1"},
				"down": {"uv": [4, 15, 5, 16], "texture": "#1"}
			}
		},
		{
			"from": [5, 6, 0],
			"to": [6, 9, 1],
			"faces": {
				"east": {"uv": [15, 7, 16, 10], "texture": "#1"},
				"south": {"uv": [5, 7, 6, 10], "texture": "#0"},
				"west": {"uv": [0, 7, 1, 10], "texture": "#1"},
				"up": {"uv": [5, 0, 6, 1], "texture": "#1"},
				"down": {"uv": [5, 15, 6, 16], "texture": "#1"}
			}
		},
		{
			"from": [6, 12, 0],
			"to": [7, 16, 1],
			"faces": {
				"east": {"uv": [15, 0, 16, 4], "texture": "#1"},
				"south": {"uv": [6, 0, 7, 4], "texture": "#0"},
				"west": {"uv": [0, 0, 1, 4], "texture": "#1"},
				"up": {"uv": [6, 0, 7, 1], "texture": "#1"},
				"down": {"uv": [6, 15, 7, 16], "texture": "#1"}
			}
		},
		{
			"from": [7, 6, 0],
			"to": [8, 9, 1],
			"faces": {
				"east": {"uv": [15, 7, 16, 10], "texture": "#1"},
				"south": {"uv": [7, 7, 8, 10], "texture": "#0"},
				"west": {"uv": [0, 7, 1, 10], "texture": "#1"},
				"up": {"uv": [7, 0, 8, 1], "texture": "#1"},
				"down": {"uv": [7, 15, 8, 16], "texture": "#1"}
			}
		},
		{
			"from": [7, 15, 0],
			"to": [8, 16, 1],
			"faces": {
				"east": {"uv": [15, 0, 16, 1], "texture": "#1"},
				"south": {"uv": [7, 0, 8, 1], "texture": "#0"},
				"west": {"uv": [0, 0, 1, 1], "texture": "#1"},
				"up": {"uv": [7, 0, 8, 1], "texture": "#1"},
				"down": {"uv": [7, 15, 8, 16], "texture": "#1"}
			}
		},
		{
			"from": [9, 4, 0],
			"to": [10, 5, 1],
			"faces": {
				"east": {"uv": [15, 11, 16, 12], "texture": "#1"},
				"south": {"uv": [9, 11, 10, 12], "texture": "#0"},
				"west": {"uv": [0, 11, 1, 12], "texture": "#1"},
				"up": {"uv": [9, 0, 10, 1], "texture": "#1"},
				"down": {"uv": [9, 15, 10, 16], "texture": "#1"}
			}
		},
		{
			"from": [9, 8, 0],
			"to": [10, 10, 1],
			"faces": {
				"east": {"uv": [15, 6, 16, 8], "texture": "#1"},
				"south": {"uv": [9, 6, 10, 8], "texture": "#0"},
				"west": {"uv": [0, 6, 1, 8], "texture": "#1"},
				"up": {"uv": [9, 0, 10, 1], "texture": "#1"},
				"down": {"uv": [9, 15, 10, 16], "texture": "#1"}
			}
		},
		{
			"from": [11, 9, 0],
			"to": [12, 10, 1],
			"faces": {
				"east": {"uv": [15, 6, 16, 7], "texture": "#1"},
				"south": {"uv": [11, 6, 12, 7], "texture": "#0"},
				"west": {"uv": [0, 6, 1, 7], "texture": "#1"},
				"up": {"uv": [11, 0, 12, 1], "texture": "#1"},
				"down": {"uv": [11, 15, 12, 16], "texture": "#1"}
			}
		},
		{
			"from": [11, 14, 0],
			"to": [12, 16, 1],
			"faces": {
				"east": {"uv": [15, 0, 16, 2], "texture": "#1"},
				"south": {"uv": [11, 0, 12, 2], "texture": "#0"},
				"west": {"uv": [0, 0, 1, 2], "texture": "#1"},
				"up": {"uv": [11, 0, 12, 1], "texture": "#1"},
				"down": {"uv": [11, 15, 12, 16], "texture": "#1"}
			}
		},
		{
			"from": [12, 2, 0],
			"to": [13, 12, 1],
			"faces": {
				"east": {"uv": [15, 4, 16, 14], "texture": "#1"},
				"south": {"uv": [12, 4, 13, 14], "texture": "#0"},
				"west": {"uv": [0, 4, 1, 14], "texture": "#1"},
				"up": {"uv": [12, 0, 13, 1], "texture": "#1"},
				"down": {"uv": [12, 15, 13, 16], "texture": "#1"}
			}
		},
		{
			"from": [13, 12, 0],
			"to": [14, 16, 1],
			"faces": {
				"east": {"uv": [15, 0, 16, 4], "texture": "#1"},
				"south": {"uv": [13, 0, 14, 4], "texture": "#0"},
				"west": {"uv": [0, 0, 1, 4], "texture": "#1"},
				"up": {"uv": [13, 0, 14, 1], "texture": "#1"},
				"down": {"uv": [13, 15, 14, 16], "texture": "#1"}
			}
		},
		{
			"from": [14, 7, 0],
			"to": [15, 16, 1],
			"faces": {
				"east": {"uv": [15, 0, 16, 9], "texture": "#1"},
				"south": {"uv": [14, 0, 15, 9], "texture": "#0"},
				"west": {"uv": [0, 0, 1, 9], "texture": "#1"},
				"up": {"uv": [14, 0, 15, 1], "texture": "#1"},
				"down": {"uv": [14, 15, 15, 16], "texture": "#1"}
			}
		},
		{
			"from": [15, 1, 0],
			"to": [16, 12, 1],
			"faces": {
				"east": {"uv": [15, 4, 16, 15], "texture": "#1"},
				"south": {"uv": [15, 4, 16, 15], "texture": "#0"},
				"west": {"uv": [0, 4, 1, 15], "texture": "#1"},
				"up": {"uv": [15, 0, 16, 1], "texture": "#1"},
				"down": {"uv": [15, 15, 16, 16], "texture": "#1"}
			}
		}
	]
}