{
	"textures": {
		"0": "vampirism:block/cursed_bark",
		"1": "vampirism:block/dark_spruce_log",
		"particle": "vampirism:block/cursed_bark"
	},
	"elements": [
		{
			"from": [4, 15, 0],
			"to": [15, 16, 1],
			"faces": {
				"east": {"uv": [15, 15, 16, 16], "rotation": 270, "texture": "#1"},
				"south": {"uv": [15, 4, 16, 15], "rotation": 270, "texture": "#0"},
				"west": {"uv": [15, 0, 16, 1], "rotation": 270, "texture": "#1"},
				"up": {"uv": [15, 4, 16, 15], "rotation": 270, "texture": "#1"},
				"down": {"uv": [0, 4, 1, 15], "rotation": 270, "texture": "#1"}
			}
		},
		{
			"from": [8, 0, 0],
			"to": [16, 1, 1],
			"faces": {
				"east": {"uv": [0, 15, 1, 16], "rotation": 270, "texture": "#1"},
				"south": {"uv": [0, 8, 1, 16], "rotation": 270, "texture": "#0"},
				"west": {"uv": [0, 0, 1, 1], "rotation": 270, "texture": "#1"},
				"up": {"uv": [15, 8, 16, 16], "rotation": 270, "texture": "#1"},
				"down": {"uv": [0, 8, 1, 16], "rotation": 270, "texture": "#1"}
			}
		},
		{
			"from": [13, 1, 0],
			"to": [16, 2, 1],
			"faces": {
				"east": {"uv": [1, 15, 2, 16], "rotation": 270, "texture": "#1"},
				"south": {"uv": [1, 13, 2, 16], "rotation": 270, "texture": "#0"},
				"west": {"uv": [1, 13, 2, 14], "rotation": 270, "texture": "#1"},
				"up": {"uv": [15, 13, 16, 16], "rotation": 270, "texture": "#1"},
				"down": {"uv": [0, 13, 1, 16], "rotation": 270, "texture": "#1"}
			}
		},
		{
			"from": [9, 1, 0],
			"to": [11, 2, 1],
			"faces": {
				"east": {"uv": [1, 15, 2, 16], "rotation": 270, "texture": "#1"},
				"south": {"uv": [1, 9, 2, 11], "rotation": 270, "texture": "#0"},
				"west": {"uv": [1, 0, 2, 1], "rotation": 270, "texture": "#1"},
				"up": {"uv": [15, 9, 16, 11], "rotation": 270, "texture": "#1"},
				"down": {"uv": [0, 9, 1, 11], "rotation": 270, "texture": "#1"}
			}
		},
		{
			"from": [5, 1, 0],
			"to": [8, 2, 1],
			"faces": {
				"east": {"uv": [1, 15, 2, 16], "rotation": 270, "texture": "#1"},
				"south": {"uv": [1, 5, 2, 8], "rotation": 270, "texture": "#0"},
				"west": {"uv": [1, 0, 2, 1], "rotation": 270, "texture": "#1"},
				"up": {"uv": [15, 5, 16, 8], "rotation": 270, "texture": "#1"},
				"down": {"uv": [0, 5, 1, 8], "rotation": 270, "texture": "#1"}
			}
		},
		{
			"from": [0, 0, 0],
			"to": [6, 1, 1],
			"faces": {
				"east": {"uv": [0, 15, 1, 16], "rotation": 270, "texture": "#1"},
				"south": {"uv": [0, 0, 1, 6], "rotation": 270, "texture": "#0"},
				"west": {"uv": [0, 0, 1, 1], "rotation": 270, "texture": "#1"},
				"up": {"uv": [15, 0, 16, 6], "rotation": 270, "texture": "#1"},
				"down": {"uv": [0, 0, 1, 6], "rotation": 270, "texture": "#1"}
			}
		},
		{
			"from": [5, 3, 0],
			"to": [16, 4, 1],
			"faces": {
				"east": {"uv": [3, 15, 4, 16], "rotation": 270, "texture": "#1"},
				"south": {"uv": [3, 5, 4, 16], "rotation": 270, "texture": "#0"},
				"west": {"uv": [3, 0, 4, 1], "rotation": 270, "texture": "#1"},
				"up": {"uv": [15, 5, 16, 16], "rotation": 270, "texture": "#1"},
				"down": {"uv": [0, 5, 1, 16], "rotation": 270, "texture": "#1"}
			}
		},
		{
			"from": [13, 5, 0],
			"to": [16, 6, 1],
			"faces": {
				"east": {"uv": [5, 15, 6, 16], "rotation": 270, "texture": "#1"},
				"south": {"uv": [5, 13, 6, 16], "rotation": 270, "texture": "#0"},
				"west": {"uv": [5, 0, 6, 1], "rotation": 270, "texture": "#1"},
				"up": {"uv": [15, 13, 16, 16], "rotation": 270, "texture": "#1"},
				"down": {"uv": [0, 13, 1, 16], "rotation": 270, "texture": "#1"}
			}
		},
		{
			"from": [10, 6, 0],
			"to": [16, 7, 1],
			"faces": {
				"east": {"uv": [6, 15, 7, 16], "rotation": 270, "texture": "#1"},
				"south": {"uv": [6, 10, 7, 16], "rotation": 270, "texture": "#0"},
				"west": {"uv": [6, 0, 7, 1], "rotation": 270, "texture": "#1"},
				"up": {"uv": [15, 10, 16, 16], "rotation": 270, "texture": "#1"},
				"down": {"uv": [0, 10, 1, 16], "rotation": 270, "texture": "#1"}
			}
		},
		{
			"from": [0, 10, 0],
			"to": [16, 11, 1],
			"faces": {
				"east": {"uv": [10, 15, 11, 16], "rotation": 270, "texture": "#1"},
				"south": {"uv": [10, 0, 11, 16], "rotation": 270, "texture": "#0"},
				"west": {"uv": [10, 0, 11, 1], "rotation": 270, "texture": "#1"},
				"up": {"uv": [15, 0, 16, 16], "rotation": 270, "texture": "#1"},
				"down": {"uv": [0, 0, 1, 16], "rotation": 270, "texture": "#1"}
			}
		},
		{
			"from": [15, 11, 0],
			"to": [16, 12, 1],
			"faces": {
				"east": {"uv": [11, 15, 12, 16], "rotation": 270, "texture": "#1"},
				"south": {"uv": [11, 15, 12, 16], "rotation": 270, "texture": "#0"},
				"west": {"uv": [11, 0, 12, 1], "rotation": 270, "texture": "#1"},
				"up": {"uv": [15, 15, 16, 16], "rotation": 270, "texture": "#1"},
				"down": {"uv": [0, 15, 1, 16], "rotation": 270, "texture": "#1"}
			}
		},
		{
			"from": [9, 13, 0],
			"to": [16, 14, 1],
			"faces": {
				"east": {"uv": [13, 15, 14, 16], "rotation": 270, "texture": "#1"},
				"south": {"uv": [13, 9, 14, 16], "rotation": 270, "texture": "#0"},
				"west": {"uv": [13, 0, 14, 1], "rotation": 270, "texture": "#1"},
				"up": {"uv": [15, 9, 16, 16], "rotation": 270, "texture": "#1"},
				"down": {"uv": [0, 9, 1, 16], "rotation": 270, "texture": "#1"}
			}
		},
		{
			"from": [13, 14, 0],
			"to": [16, 15, 1],
			"faces": {
				"east": {"uv": [14, 15, 15, 16], "rotation": 270, "texture": "#1"},
				"south": {"uv": [14, 13, 15, 16], "rotation": 270, "texture": "#0"},
				"west": {"uv": [14, 0, 15, 1], "rotation": 270, "texture": "#1"},
				"up": {"uv": [15, 13, 16, 16], "rotation": 270, "texture": "#1"},
				"down": {"uv": [0, 13, 1, 16], "rotation": 270, "texture": "#1"}
			}
		},
		{
			"from": [0, 8, 0],
			"to": [16, 9, 1],
			"faces": {
				"east": {"uv": [8, 15, 9, 16], "rotation": 270, "texture": "#1"},
				"south": {"uv": [8, 0, 9, 16], "rotation": 270, "texture": "#0"},
				"west": {"uv": [8, 0, 9, 1], "rotation": 270, "texture": "#1"},
				"up": {"uv": [15, 0, 16, 16], "rotation": 270, "texture": "#1"},
				"down": {"uv": [0, 0, 1, 16], "rotation": 270, "texture": "#1"}
			}
		},
		{
			"from": [10, 2, 0],
			"to": [13, 3, 1],
			"faces": {
				"east": {"uv": [2, 15, 3, 16], "rotation": 270, "texture": "#1"},
				"south": {"uv": [2, 10, 3, 13], "rotation": 270, "texture": "#0"},
				"west": {"uv": [2, 0, 3, 1], "rotation": 270, "texture": "#1"},
				"up": {"uv": [15, 10, 16, 13], "rotation": 270, "texture": "#1"},
				"down": {"uv": [0, 10, 1, 13], "rotation": 270, "texture": "#1"}
			}
		},
		{
			"from": [3, 2, 0],
			"to": [5, 3, 1],
			"faces": {
				"east": {"uv": [2, 15, 3, 16], "rotation": 270, "texture": "#1"},
				"south": {"uv": [2, 3, 3, 5], "rotation": 270, "texture": "#0"},
				"west": {"uv": [2, 0, 3, 1], "rotation": 270, "texture": "#1"},
				"up": {"uv": [15, 3, 16, 5], "rotation": 270, "texture": "#1"},
				"down": {"uv": [0, 3, 1, 5], "rotation": 270, "texture": "#1"}
			}
		},
		{
			"from": [0, 2, 0],
			"to": [2, 3, 1],
			"faces": {
				"east": {"uv": [2, 15, 3, 16], "rotation": 270, "texture": "#1"},
				"south": {"uv": [2, 0, 3, 2], "rotation": 270, "texture": "#0"},
				"west": {"uv": [2, 0, 3, 1], "rotation": 270, "texture": "#1"},
				"up": {"uv": [15, 0, 16, 2], "rotation": 270, "texture": "#1"},
				"down": {"uv": [0, 0, 1, 2], "rotation": 270, "texture": "#1"}
			}
		},
		{
			"from": [0, 3, 0],
			"to": [1, 4, 1],
			"faces": {
				"east": {"uv": [3, 15, 4, 16], "rotation": 270, "texture": "#1"},
				"south": {"uv": [3, 0, 4, 1], "rotation": 270, "texture": "#0"},
				"west": {"uv": [3, 0, 4, 1], "rotation": 270, "texture": "#1"},
				"up": {"uv": [15, 0, 16, 1], "rotation": 270, "texture": "#1"},
				"down": {"uv": [0, 0, 1, 1], "rotation": 270, "texture": "#1"}
			}
		},
		{
			"from": [0, 4, 0],
			"to": [15, 5, 1],
			"faces": {
				"east": {"uv": [4, 15, 5, 16], "rotation": 270, "texture": "#1"},
				"south": {"uv": [4, 0, 5, 15], "rotation": 270, "texture": "#0"},
				"west": {"uv": [4, 0, 5, 1], "rotation": 270, "texture": "#1"},
				"up": {"uv": [15, 0, 16, 15], "rotation": 270, "texture": "#1"},
				"down": {"uv": [0, 0, 1, 15], "rotation": 270, "texture": "#1"}
			}
		},
		{
			"from": [7, 5, 0],
			"to": [10, 6, 1],
			"faces": {
				"east": {"uv": [5, 15, 6, 16], "rotation": 270, "texture": "#1"},
				"south": {"uv": [5, 7, 6, 10], "rotation": 270, "texture": "#0"},
				"west": {"uv": [5, 0, 6, 1], "rotation": 270, "texture": "#1"},
				"up": {"uv": [15, 7, 16, 10], "rotation": 270, "texture": "#1"},
				"down": {"uv": [0, 7, 1, 10], "rotation": 270, "texture": "#1"}
			}
		},
		{
			"from": [0, 6, 0],
			"to": [4, 7, 1],
			"faces": {
				"east": {"uv": [6, 15, 7, 16], "rotation": 270, "texture": "#1"},
				"south": {"uv": [6, 0, 7, 4], "rotation": 270, "texture": "#0"},
				"west": {"uv": [6, 0, 7, 1], "rotation": 270, "texture": "#1"},
				"up": {"uv": [15, 0, 16, 4], "rotation": 270, "texture": "#1"},
				"down": {"uv": [0, 0, 1, 4], "rotation": 270, "texture": "#1"}
			}
		},
		{
			"from": [7, 7, 0],
			"to": [10, 8, 1],
			"faces": {
				"east": {"uv": [7, 15, 8, 16], "rotation": 270, "texture": "#1"},
				"south": {"uv": [7, 7, 8, 10], "rotation": 270, "texture": "#0"},
				"west": {"uv": [7, 0, 8, 1], "rotation": 270, "texture": "#1"},
				"up": {"uv": [15, 7, 16, 10], "rotation": 270, "texture": "#1"},
				"down": {"uv": [0, 7, 1, 10], "rotation": 270, "texture": "#1"}
			}
		},
		{
			"from": [0, 7, 0],
			"to": [1, 8, 1],
			"faces": {
				"east": {"uv": [7, 15, 8, 16], "rotation": 270, "texture": "#1"},
				"south": {"uv": [7, 0, 8, 1], "rotation": 270, "texture": "#0"},
				"west": {"uv": [7, 0, 8, 1], "rotation": 270, "texture": "#1"},
				"up": {"uv": [15, 0, 16, 1], "rotation": 270, "texture": "#1"},
				"down": {"uv": [0, 0, 1, 1], "rotation": 270, "texture": "#1"}
			}
		},
		{
			"from": [11, 9, 0],
			"to": [12, 10, 1],
			"faces": {
				"east": {"uv": [9, 15, 10, 16], "rotation": 270, "texture": "#1"},
				"south": {"uv": [9, 11, 10, 12], "rotation": 270, "texture": "#0"},
				"west": {"uv": [9, 0, 10, 1], "rotation": 270, "texture": "#1"},
				"up": {"uv": [15, 11, 16, 12], "rotation": 270, "texture": "#1"},
				"down": {"uv": [0, 11, 1, 12], "rotation": 270, "texture": "#1"}
			}
		},
		{
			"from": [6, 9, 0],
			"to": [8, 10, 1],
			"faces": {
				"east": {"uv": [9, 15, 10, 16], "rotation": 270, "texture": "#1"},
				"south": {"uv": [9, 6, 10, 8], "rotation": 270, "texture": "#0"},
				"west": {"uv": [9, 0, 10, 1], "rotation": 270, "texture": "#1"},
				"up": {"uv": [15, 6, 16, 8], "rotation": 270, "texture": "#1"},
				"down": {"uv": [0, 6, 1, 8], "rotation": 270, "texture": "#1"}
			}
		},
		{
			"from": [6, 11, 0],
			"to": [7, 12, 1],
			"faces": {
				"east": {"uv": [11, 15, 12, 16], "rotation": 270, "texture": "#1"},
				"south": {"uv": [11, 6, 12, 7], "rotation": 270, "texture": "#0"},
				"west": {"uv": [11, 0, 12, 1], "rotation": 270, "texture": "#1"},
				"up": {"uv": [15, 6, 16, 7], "rotation": 270, "texture": "#1"},
				"down": {"uv": [0, 6, 1, 7], "rotation": 270, "texture": "#1"}
			}
		},
		{
			"from": [0, 11, 0],
			"to": [2, 12, 1],
			"faces": {
				"east": {"uv": [11, 15, 12, 16], "rotation": 270, "texture": "#1"},
				"south": {"uv": [11, 0, 12, 2], "rotation": 270, "texture": "#0"},
				"west": {"uv": [11, 0, 12, 1], "rotation": 270, "texture": "#1"},
				"up": {"uv": [15, 0, 16, 2], "rotation": 270, "texture": "#1"},
				"down": {"uv": [0, 0, 1, 2], "rotation": 270, "texture": "#1"}
			}
		},
		{
			"from": [4, 12, 0],
			"to": [14, 13, 1],
			"faces": {
				"east": {"uv": [12, 15, 13, 16], "rotation": 270, "texture": "#1"},
				"south": {"uv": [12, 4, 13, 14], "rotation": 270, "texture": "#0"},
				"west": {"uv": [12, 0, 13, 1], "rotation": 270, "texture": "#1"},
				"up": {"uv": [15, 4, 16, 14], "rotation": 270, "texture": "#1"},
				"down": {"uv": [0, 4, 1, 14], "rotation": 270, "texture": "#1"}
			}
		},
		{
			"from": [0, 13, 0],
			"to": [4, 14, 1],
			"faces": {
				"east": {"uv": [13, 15, 14, 16], "rotation": 270, "texture": "#1"},
				"south": {"uv": [13, 0, 14, 4], "rotation": 270, "texture": "#0"},
				"west": {"uv": [13, 0, 14, 1], "rotation": 270, "texture": "#1"},
				"up": {"uv": [15, 0, 16, 4], "rotation": 270, "texture": "#1"},
				"down": {"uv": [0, 0, 1, 4], "rotation": 270, "texture": "#1"}
			}
		},
		{
			"from": [0, 14, 0],
			"to": [9, 15, 1],
			"faces": {
				"east": {"uv": [14, 15, 15, 16], "rotation": 270, "texture": "#1"},
				"south": {"uv": [14, 0, 15, 9], "rotation": 270, "texture": "#0"},
				"west": {"uv": [14, 0, 15, 1], "rotation": 270, "texture": "#1"},
				"up": {"uv": [15, 0, 16, 9], "rotation": 270, "texture": "#1"},
				"down": {"uv": [0, 0, 1, 9], "rotation": 270, "texture": "#1"}
			}
		}
	],
	"groups": [
		{
			"name": "group",
			"origin": [0, 0, 0],
			"children": [0, 1, 2, 3, 4, 5, 6, 7, 8, 9, 10, 11, 12, 13, 14, 15, 16, 17, 18, 19, 20, 21, 22, 23, 24, 25, 26, 27, 28, 29]
		}
	]
}